{"learner":{"attributes":{"best_iteration":"32","best_ntree_limit":"33","best_score":"0.38026631694500085","scikit_learn":"{\"use_label_encoder\": null, \"n_estimators\": 9500, \"objective\": \"reg:squarederror\", \"max_depth\": 5, \"max_leaves\": null, \"max_bin\": null, \"grow_policy\": null, \"learning_rate\": 0.045, \"verbosity\": null, \"booster\": null, \"tree_method\": null, \"gamma\": 5, \"min_child_weight\": null, \"max_delta_step\": null, \"subsample\": 0.3, \"sampling_method\": null, \"colsample_bytree\": 1, \"colsample_bylevel\": null, \"colsample_bynode\": null, \"reg_alpha\": 0.3, \"reg_lambda\": null, \"scale_pos_weight\": 1, \"base_score\": null, \"missing\": NaN, \"num_parallel_tree\": null, \"random_state\": null, \"n_jobs\": null, \"monotone_constraints\": null, \"interaction_constraints\": null, \"importance_type\": null, \"gpu_id\": null, \"validate_parameters\": null, \"predictor\": null, \"enable_categorical\": false, \"feature_types\": null, \"max_cat_to_onehot\": null, \"max_cat_threshold\": null, \"eval_metric\": null, \"early_stopping_rounds\": 10, \"callbacks\": null, \"classes_\": [0, 1], \"n_classes_\": 2, \"evals_result_\": {\"validation_0\": {\"rmse\": [0.4932077080434118, 0.4845495230412163, 0.47576221747454256, 0.4667824441397261, 0.458420680855047, 0.45196694012548366, 0.44267069322657243, 0.43667540789694653, 0.43044956303968634, 0.4297735400569038, 0.42350625227547933, 0.4168588644047675, 0.41183534420536844, 0.40675507970200875, 0.4036246058014, 0.3983979889435418, 0.39403952395999275, 0.39432492317370466, 0.38979209603565135, 0.3892464320069762, 0.38770560010374777, 0.38779487196321505, 0.3851264719366066, 0.3851152578408377, 0.38515441621063634, 0.3852088519233888, 0.385368979509756, 0.3802861966631948, 0.38048865220644856, 0.3804693062023731, 0.3806210520497296, 0.3804103963230012, 0.38026631694500085, 0.3806100578448963, 0.3806289643808932, 0.38077830307625926, 0.3809419594122243, 0.38103638919498917, 0.3813895839363652, 0.38131220687514444, 0.3811163243022727, 0.3813035519754294, 0.38145221639500043]}}, \"_estimator_type\": \"classifier\"}"},"feature_names":["mean","pixel_intensity_variance","10th_percentile","50th_percentile","90th_percentile","skewness","kurtosis","median","mode","contrast","correlation","energy","homogeneity","entropy","ll_dct_explained_variance_ratio_0_0","ll_dct_explained_variance_ratio_0_1","ll_dct_singular_values_0_0","ll_dct_singular_values_0_1","ll_dct_explained_variance_ratio_1_0","ll_dct_explained_variance_ratio_1_1","ll_dct_singular_values_1_0","ll_dct_singular_values_1_1","ll_dct_explained_variance_ratio_2_0","ll_dct_explained_variance_ratio_2_1","ll_dct_singular_values_2_0","ll_dct_singular_values_2_1","ll_dct_explained_variance_ratio_3_0","ll_dct_explained_variance_ratio_3_1","ll_dct_singular_values_3_0","ll_dct_singular_values_3_1","ll_dct_explained_variance_ratio_4_0","ll_dct_explained_variance_ratio_4_1","ll_dct_singular_values_4_0","ll_dct_singular_values_4_1","ll_dct_explained_variance_ratio_5_0","ll_dct_explained_variance_ratio_5_1","ll_dct_singular_values_5_0","ll_dct_singular_values_5_1","ll_dct_explained_variance_ratio_6_0","ll_dct_explained_variance_ratio_6_1","ll_dct_singular_values_6_0","ll_dct_singular_values_6_1","ll_dct_explained_variance_ratio_7_0","ll_dct_explained_variance_ratio_7_1","ll_dct_singular_values_7_0","ll_dct_singular_values_7_1","ll_dct_explained_variance_ratio_8_0","ll_dct_explained_variance_ratio_8_1","ll_dct_singular_values_8_0","ll_dct_singular_values_8_1","lh_dct_explained_variance_ratio_0_0","lh_dct_explained_variance_ratio_0_1","lh_dct_singular_values_0_0","lh_dct_singular_values_0_1","lh_dct_explained_variance_ratio_1_0","lh_dct_explained_variance_ratio_1_1","lh_dct_singular_values_1_0","lh_dct_singular_values_1_1","lh_dct_explained_variance_ratio_2_0","lh_dct_explained_variance_ratio_2_1","lh_dct_singular_values_2_0","lh_dct_singular_values_2_1","lh_dct_explained_variance_ratio_3_0","lh_dct_explained_variance_ratio_3_1","lh_dct_singular_values_3_0","lh_dct_singular_values_3_1","lh_dct_explained_variance_ratio_4_0","lh_dct_explained_variance_ratio_4_1","lh_dct_singular_values_4_0","lh_dct_singular_values_4_1","lh_dct_explained_variance_ratio_5_0","lh_dct_explained_variance_ratio_5_1","lh_dct_singular_values_5_0","lh_dct_singular_values_5_1","lh_dct_explained_variance_ratio_6_0","lh_dct_explained_variance_ratio_6_1","lh_dct_singular_values_6_0","lh_dct_singular_values_6_1","lh_dct_explained_variance_ratio_7_0","lh_dct_explained_variance_ratio_7_1","lh_dct_singular_values_7_0","lh_dct_singular_values_7_1","lh_dct_explained_variance_ratio_8_0","lh_dct_explained_variance_ratio_8_1","lh_dct_singular_values_8_0","lh_dct_singular_values_8_1","lh_dct_explained_variance_ratio_9_0","lh_dct_explained_variance_ratio_9_1","lh_dct_singular_values_9_0","lh_dct_singular_values_9_1","lh_dct_explained_variance_ratio_10_0","lh_dct_explained_variance_ratio_10_1","lh_dct_singular_values_10_0","lh_dct_singular_values_10_1","lh_dct_explained_variance_ratio_11_0","lh_dct_explained_variance_ratio_11_1","lh_dct_singular_values_11_0","lh_dct_singular_values_11_1","lh_dct_explained_variance_ratio_12_0","lh_dct_explained_variance_ratio_12_1","lh_dct_singular_values_12_0","lh_dct_singular_values_12_1","lh_dct_explained_variance_ratio_13_0","lh_dct_explained_variance_ratio_13_1","lh_dct_singular_values_13_0","lh_dct_singular_values_13_1","lh_dct_explained_variance_ratio_14_0","lh_dct_explained_variance_ratio_14_1","lh_dct_singular_values_14_0","lh_dct_singular_values_14_1","lh_dct_explained_variance_ratio_15_0","lh_dct_explained_variance_ratio_15_1","lh_dct_singular_values_15_0","lh_dct_singular_values_15_1","lh_dct_explained_variance_ratio_16_0","lh_dct_explained_variance_ratio_16_1","lh_dct_singular_values_16_0","lh_dct_singular_values_16_1","lh_dct_explained_variance_ratio_17_0","lh_dct_explained_variance_ratio_17_1","lh_dct_singular_values_17_0","lh_dct_singular_values_17_1","lh_dct_explained_variance_ratio_18_0","lh_dct_explained_variance_ratio_18_1","lh_dct_singular_values_18_0","lh_dct_singular_values_18_1","lh_dct_explained_variance_ratio_19_0","lh_dct_explained_variance_ratio_19_1","lh_dct_singular_values_19_0","lh_dct_singular_values_19_1","lh_dct_explained_variance_ratio_20_0","lh_dct_explained_variance_ratio_20_1","lh_dct_singular_values_20_0","lh_dct_singular_values_20_1","lh_dct_explained_variance_ratio_21_0","lh_dct_explained_variance_ratio_21_1","lh_dct_singular_values_21_0","lh_dct_singular_values_21_1","lh_dct_explained_variance_ratio_22_0","lh_dct_explained_variance_ratio_22_1","lh_dct_singular_values_22_0","lh_dct_singular_values_22_1","lh_dct_explained_variance_ratio_23_0","lh_dct_explained_variance_ratio_23_1","lh_dct_singular_values_23_0","lh_dct_singular_values_23_1","lh_dct_explained_variance_ratio_24_0","lh_dct_explained_variance_ratio_24_1","lh_dct_singular_values_24_0","lh_dct_singular_values_24_1","hl_dct_explained_variance_ratio_0_0","hl_dct_explained_variance_ratio_0_1","hl_dct_singular_values_0_0","hl_dct_singular_values_0_1","hl_dct_explained_variance_ratio_1_0","hl_dct_explained_variance_ratio_1_1","hl_dct_singular_values_1_0","hl_dct_singular_values_1_1","hl_dct_explained_variance_ratio_2_0","hl_dct_explained_variance_ratio_2_1","hl_dct_singular_values_2_0","hl_dct_singular_values_2_1","hl_dct_explained_variance_ratio_3_0","hl_dct_explained_variance_ratio_3_1","hl_dct_singular_values_3_0","hl_dct_singular_values_3_1","hl_dct_explained_variance_ratio_4_0","hl_dct_explained_variance_ratio_4_1","hl_dct_singular_values_4_0","hl_dct_singular_values_4_1","hl_dct_explained_variance_ratio_5_0","hl_dct_explained_variance_ratio_5_1","hl_dct_singular_values_5_0","hl_dct_singular_values_5_1","hl_dct_explained_variance_ratio_6_0","hl_dct_explained_variance_ratio_6_1","hl_dct_singular_values_6_0","hl_dct_singular_values_6_1","hl_dct_explained_variance_ratio_7_0","hl_dct_explained_variance_ratio_7_1","hl_dct_singular_values_7_0","hl_dct_singular_values_7_1","hl_dct_explained_variance_ratio_8_0","hl_dct_explained_variance_ratio_8_1","hl_dct_singular_values_8_0","hl_dct_singular_values_8_1","hl_dct_explained_variance_ratio_9_0","hl_dct_explained_variance_ratio_9_1","hl_dct_singular_values_9_0","hl_dct_singular_values_9_1","hl_dct_explained_variance_ratio_10_0","hl_dct_explained_variance_ratio_10_1","hl_dct_singular_values_10_0","hl_dct_singular_values_10_1","hl_dct_explained_variance_ratio_11_0","hl_dct_explained_variance_ratio_11_1","hl_dct_singular_values_11_0","hl_dct_singular_values_11_1","hl_dct_explained_variance_ratio_12_0","hl_dct_explained_variance_ratio_12_1","hl_dct_singular_values_12_0","hl_dct_singular_values_12_1","hl_dct_explained_variance_ratio_13_0","hl_dct_explained_variance_ratio_13_1","hl_dct_singular_values_13_0","hl_dct_singular_values_13_1","hl_dct_explained_variance_ratio_14_0","hl_dct_explained_variance_ratio_14_1","hl_dct_singular_values_14_0","hl_dct_singular_values_14_1","hl_dct_explained_variance_ratio_15_0","hl_dct_explained_variance_ratio_15_1","hl_dct_singular_values_15_0","hl_dct_singular_values_15_1","hl_dct_explained_variance_ratio_16_0","hl_dct_explained_variance_ratio_16_1","hl_dct_singular_values_16_0","hl_dct_singular_values_16_1","hl_dct_explained_variance_ratio_17_0","hl_dct_explained_variance_ratio_17_1","hl_dct_singular_values_17_0","hl_dct_singular_values_17_1","hl_dct_explained_variance_ratio_18_0","hl_dct_explained_variance_ratio_18_1","hl_dct_singular_values_18_0","hl_dct_singular_values_18_1","hl_dct_explained_variance_ratio_19_0","hl_dct_explained_variance_ratio_19_1","hl_dct_singular_values_19_0","hl_dct_singular_values_19_1","hl_dct_explained_variance_ratio_20_0","hl_dct_explained_variance_ratio_20_1","hl_dct_singular_values_20_0","hl_dct_singular_values_20_1","hl_dct_explained_variance_ratio_21_0","hl_dct_explained_variance_ratio_21_1","hl_dct_singular_values_21_0","hl_dct_singular_values_21_1","hl_dct_explained_variance_ratio_22_0","hl_dct_explained_variance_ratio_22_1","hl_dct_singular_values_22_0","hl_dct_singular_values_22_1","hl_dct_explained_variance_ratio_23_0","hl_dct_explained_variance_ratio_23_1","hl_dct_singular_values_23_0","hl_dct_singular_values_23_1","hl_dct_explained_variance_ratio_24_0","hl_dct_explained_variance_ratio_24_1","hl_dct_singular_values_24_0","hl_dct_singular_values_24_1","hh_dct_explained_variance_ratio_0_0","hh_dct_explained_variance_ratio_0_1","hh_dct_singular_values_0_0","hh_dct_singular_values_0_1","hh_dct_explained_variance_ratio_1_0","hh_dct_explained_variance_ratio_1_1","hh_dct_singular_values_1_0","hh_dct_singular_values_1_1","hh_dct_explained_variance_ratio_2_0","hh_dct_explained_variance_ratio_2_1","hh_dct_singular_values_2_0","hh_dct_singular_values_2_1","hh_dct_explained_variance_ratio_3_0","hh_dct_explained_variance_ratio_3_1","hh_dct_singular_values_3_0","hh_dct_singular_values_3_1","hh_dct_explained_variance_ratio_4_0","hh_dct_explained_variance_ratio_4_1","hh_dct_singular_values_4_0","hh_dct_singular_values_4_1","hh_dct_explained_variance_ratio_5_0","hh_dct_explained_variance_ratio_5_1","hh_dct_singular_values_5_0","hh_dct_singular_values_5_1","hh_dct_explained_variance_ratio_6_0","hh_dct_explained_variance_ratio_6_1","hh_dct_singular_values_6_0","hh_dct_singular_values_6_1","hh_dct_explained_variance_ratio_7_0","hh_dct_explained_variance_ratio_7_1","hh_dct_singular_values_7_0","hh_dct_singular_values_7_1","hh_dct_explained_variance_ratio_8_0","hh_dct_explained_variance_ratio_8_1","hh_dct_singular_values_8_0","hh_dct_singular_values_8_1","hh_dct_explained_variance_ratio_9_0","hh_dct_explained_variance_ratio_9_1","hh_dct_singular_values_9_0","hh_dct_singular_values_9_1","hh_dct_explained_variance_ratio_10_0","hh_dct_explained_variance_ratio_10_1","hh_dct_singular_values_10_0","hh_dct_singular_values_10_1","hh_dct_explained_variance_ratio_11_0","hh_dct_explained_variance_ratio_11_1","hh_dct_singular_values_11_0","hh_dct_singular_values_11_1","hh_dct_explained_variance_ratio_12_0","hh_dct_explained_variance_ratio_12_1","hh_dct_singular_values_12_0","hh_dct_singular_values_12_1","hh_dct_explained_variance_ratio_13_0","hh_dct_explained_variance_ratio_13_1","hh_dct_singular_values_13_0","hh_dct_singular_values_13_1","hh_dct_explained_variance_ratio_14_0","hh_dct_explained_variance_ratio_14_1","hh_dct_singular_values_14_0","hh_dct_singular_values_14_1","hh_dct_explained_variance_ratio_15_0","hh_dct_explained_variance_ratio_15_1","hh_dct_singular_values_15_0","hh_dct_singular_values_15_1","hh_dct_explained_variance_ratio_16_0","hh_dct_explained_variance_ratio_16_1","hh_dct_singular_values_16_0","hh_dct_singular_values_16_1","hh_dct_explained_variance_ratio_17_0","hh_dct_explained_variance_ratio_17_1","hh_dct_singular_values_17_0","hh_dct_singular_values_17_1","hh_dct_explained_variance_ratio_18_0","hh_dct_explained_variance_ratio_18_1","hh_dct_singular_values_18_0","hh_dct_singular_values_18_1","hh_dct_explained_variance_ratio_19_0","hh_dct_explained_variance_ratio_19_1","hh_dct_singular_values_19_0","hh_dct_singular_values_19_1","hh_dct_explained_variance_ratio_20_0","hh_dct_explained_variance_ratio_20_1","hh_dct_singular_values_20_0","hh_dct_singular_values_20_1","hh_dct_explained_variance_ratio_21_0","hh_dct_explained_variance_ratio_21_1","hh_dct_singular_values_21_0","hh_dct_singular_values_21_1","hh_dct_explained_variance_ratio_22_0","hh_dct_explained_variance_ratio_22_1","hh_dct_singular_values_22_0","hh_dct_singular_values_22_1","hh_dct_explained_variance_ratio_23_0","hh_dct_explained_variance_ratio_23_1","hh_dct_singular_values_23_0","hh_dct_singular_values_23_1","hh_dct_explained_variance_ratio_24_0","hh_dct_explained_variance_ratio_24_1","hh_dct_singular_values_24_0","hh_dct_singular_values_24_1"],"feature_types":["float","float","float","float","float","float","float","float","int","float","float","float","float","float","float","float","float","float","float","float","float","float","float","float","float","float","float","float","float","float","float","float","float","float","float","float","float","float","float","float","float","float","float","float","float","float","float","float","float","float","float","float","float","float","float","float","float","float","float","float","float","float","float","float","float","float","float","float","float","float","float","float","float","float","float","float","float","float","float","float","float","float","float","float","float","float","float","float","float","float","float","float","float","float","float","float","float","float","float","float","float","float","float","float","float","float","float","float","float","float","float","float","float","float","float","float","float","float","float","float","float","float","float","float","float","float","float","float","float","float","float","float","float","float","float","float","float","float","float","float","float","float","float","float","float","float","float","float","float","float","float","float","float","float","float","float","float","float","float","float","float","float","float","float","float","float","float","float","float","float","float","float","float","float","float","float","float","float","float","float","float","float","float","float","float","float","float","float","float","float","float","float","float","float","float","float","float","float","float","float","float","float","float","float","float","float","float","float","float","float","float","float","float","float","float","float","float","float","float","float","float","float","float","float","float","float","float","float","float","float","float","float","float","float","float","float","float","float","float","float","float","float","float","float","float","float","float","float","float","float","float","float","float","float","float","float","float","float","float","float","float","float","float","float","float","float","float","float","float","float","float","float","float","float","float","float","float","float","float","float","float","float","float","float","float","float","float","float","float","float","float","float","float","float","float","float","float","float","float","float","float","float","float","float","float","float","float","float","float","float","float","float","float","float","float","float","float","float","float","float","float","float","float","float","float","float","float","float","float","float","float","float","float","float","float","float","float","float","float","float","float","float","float","float","float","float","float","float","float","float"],"gradient_booster":{"model":{"gbtree_model_param":{"num_parallel_tree":"1","num_trees":"43","size_leaf_vector":"0"},"tree_info":[0,0,0,0,0,0,0,0,0,0,0,0,0,0,0,0,0,0,0,0,0,0,0,0,0,0,0,0,0,0,0,0,0,0,0,0,0,0,0,0,0,0,0],"trees":[{"base_weights":[-3.6206897E-2,-3.9454547E-1,2.7741936E-1,7.777777E-2,-4.8297873E-1,3.7407407E-1,-3E-1,-3E-1,3.6666667E-1,-2E-1,4.4285715E-1,9.9999994E-2,-4E-1,9.9999994E-2,-3.4E-1,-2.3333333E-1,4.8297873E-1],"categories":[],"categories_nodes":[],"categories_segments":[],"categories_sizes":[],"default_left":[1,1,1,1,1,1,1,1,1,1,1,1,1,1,1,1,1],"id":0,"left_children":[1,-1,-1,-1,-1,-1,-1,-1,-1,-1,-1,-1,-1,-1,-1,-1,-1],"loss_changes":[1.3181181E1,2.4564238E0,3.5946841E0,1.1122222E0,0E0,2.293704E0,4.8999995E-1,0E0,0E0,3.5799992E-1,1.5169487E0,0E0,0E0,0E0,0E0,0E0,0E0],"parents":[2147483647,0,0,1,1,2,2,3,3,5,5,6,6,9,9,10,10],"right_children":[2,-1,-1,-1,-1,-1,-1,-1,-1,-1,-1,-1,-1,-1,-1,-1,-1],"split_conditions":[2.7083018E3,-1.7754547E-2,1.2483872E-2,3.4999999E-3,-2.1734044E-2,1.6833333E-2,-1.3500001E-2,-1.3500001E-2,1.6500002E-2,-9.000001E-3,1.9928573E-2,4.5E-3,-1.8000001E-2,4.5E-3,-1.5300001E-2,-1.0500001E-2,2.1734044E-2],"split_indices":[25,163,205,2147483647,2147483647,2147483647,2147483647,2147483647,2147483647,2147483647,2147483647,2147483647,2147483647,2147483647,2147483647,2147483647,2147483647],"split_type":[0,0,0,0,0,0,0,0,0,0,0,0,0,0,0,0,0],"sum_hessian":[1.15E2,5.4E1,6.1E1,8E0,4.6E1,5.3E1,8E0,3E0,5E0,5E0,4.8E1,1E0,7E0,1E0,4E0,2E0,4.6E1],"tree_param":{"num_deleted":"14","num_feature":"350","num_nodes":"17","size_leaf_vector":"0"}},{"base_weights":[-3.659766E-2,-3.9452237E-1,3.0212605E-1,-4.5204663E-1,2.9063708E-1,-2.9093784E-1,4.2620626E-1,-4.729258E-1,9.375805E-2,-3.9202437E-1,1.0887727E-1,-2.3157644E-1,4.712585E-1],"categories":[],"categories_nodes":[],"categories_segments":[],"categories_sizes":[],"default_left":[1,1,1,1,1,1,1,1,1,1,1,1,1],"id":1,"left_children":[1,-1,-1,-1,-1,-1,-1,-1,-1,-1,-1,-1,-1],"loss_changes":[1.2149435E1,2.111055E0,3.917542E0,6.823044E-1,0E0,4.9136996E-1,1.4553237E0,0E0,0E0,0E0,0E0,0E0,0E0],"parents":[2147483647,0,0,1,1,2,2,3,3,5,5,6,6],"right_children":[2,-1,-1,-1,-1,-1,-1,-1,-1,-1,-1,-1,-1],"split_conditions":[7.505641E-1,-1.7753508E-2,1.3595673E-2,-2.0342099E-2,1.3078669E-2,-1.3092203E-2,1.9179283E-2,-2.1281661E-2,4.2191125E-3,-1.7641097E-2,4.8994776E-3,-1.042094E-2,2.1206632E-2],"split_indices":[46,24,289,2147483647,2147483647,2147483647,2147483647,2147483647,2147483647,2147483647,2147483647,2147483647,2147483647],"split_type":[0,0,0,0,0,0,0,0,0,0,0,0,0],"sum_hessian":[9.8E1,4.8E1,5E1,4.5E1,3E0,8E0,4.2E1,4.4E1,1E0,7E0,1E0,2E0,4E1],"tree_param":{"num_deleted":"10","num_feature":"350","num_nodes":"13","size_leaf_vector":"0"}},{"base_weights":[2.0324282E-4,-3.690147E-1,2.6042792E-1,-4.3287706E-1,3.187937E-1,-2.5242025E-1,4.1204154E-1,-4.557316E-1,1.0207942E-1,2.804403E-1,-4.340054E-1,-2.8876585E-1,4.6810797E-1],"categories":[],"categories_nodes":[],"categories_segments":[],"categories_sizes":[],"default_left":[1,1,1,1,1,1,1,1,1,1,1,1,1],"id":2,"left_children":[1,-1,5,-1,-1,-1,-1,-1,-1,-1,-1,-1,-1],"loss_changes":[1.0536204E1,2.1488514E0,5.205954E0,6.6611624E-1,0E0,1.6191757E0,2.1928558E0,0E0,0E0,0E0,0E0,0E0,0E0],"parents":[2147483647,0,0,1,1,2,2,3,3,5,5,6,6],"right_children":[2,-1,6,-1,-1,-1,-1,-1,-1,-1,-1,-1,-1],"split_conditions":[4.4365293E3,-1.6605662E-2,6.2818825E1,-1.9479468E-2,1.4345718E-2,-1.1358911E-2,1.854187E-2,-2.0507922E-2,4.593574E-3,1.2619814E-2,-1.9530244E-2,-1.2994464E-2,2.1064859E-2],"split_indices":[24,114,272,2147483647,2147483647,0,15,2147483647,2147483647,2147483647,2147483647,2147483647,2147483647],"split_type":[0,0,0,0,0,0,0,0,0,0,0,0,0],"sum_hessian":[1.08E2,4.4E1,6.4E1,4.1E1,3E0,1.4E1,5E1,4E1,1E0,3E0,1.1E1,3E0,4.7E1],"tree_param":{"num_deleted":"8","num_feature":"350","num_nodes":"13","size_leaf_vector":"0"}},{"base_weights":[-1.1288006E-2,-3.6017856E-1,3.01933E-1,-4.113902E-1,2.822085E-1,-3.9509577E-1,4.1341895E-1,5.8013804E-2,-4.4978642E-1,4.5135215E-1,-2.313187E-1,2.3709689E-1,-8.9617714E-2],"categories":[],"categories_nodes":[],"categories_segments":[],"categories_sizes":[],"default_left":[1,1,1,1,1,1,1,1,1,1,1,1,1],"id":3,"left_children":[1,-1,-1,-1,-1,-1,-1,-1,-1,-1,-1,-1,-1],"loss_changes":[1.1928448E1,1.8655324E0,4.5982447E0,1.0267687E0,0E0,0E0,1.3932648E0,1.7124505E-1,0E0,0E0,0E0,0E0,0E0],"parents":[2147483647,0,0,1,1,2,2,3,3,6,6,7,7],"right_children":[2,-1,-1,-1,-1,-1,-1,-1,-1,-1,-1,-1,-1],"split_conditions":[5.576535E3,-1.6208036E-2,1.3586985E-2,-1.8512558E-2,1.2699383E-2,-1.777931E-2,1.8603854E-2,2.6106213E-3,-2.024039E-2,2.0310847E-2,-1.0409342E-2,1.0669361E-2,-4.032797E-3],"split_indices":[48,24,157,2147483647,2147483647,2147483647,2147483647,2147483647,2147483647,2147483647,2147483647,2147483647,2147483647],"split_type":[0,0,0,0,0,0,0,0,0,0,0,0,0],"sum_hessian":[1.07E2,5.1E1,5.6E1,4.8E1,3E0,7E0,4.9E1,3E0,4.5E1,4.7E1,2E0,2E0,1E0],"tree_param":{"num_deleted":"10","num_feature":"350","num_nodes":"13","size_leaf_vector":"0"}},{"base_weights":[2.7753884E-2,-3.2931745E-1,3.25924E-1,-4.2809448E-1,3.908931E-2,-3.6810708E-1,4.070664E-1,3.624553E-1,-1.8689725E-1,-2.0764883E-1,4.42517E-1,8.579329E-2,-3.18594E-1],"categories":[],"categories_nodes":[],"categories_segments":[],"categories_sizes":[],"default_left":[1,1,1,1,1,1,1,1,1,1,1,1,1],"id":4,"left_children":[1,-1,-1,-1,-1,-1,-1,-1,-1,-1,-1,-1,-1],"loss_changes":[1.0859583E1,1.8073812E0,3.3151913E0,0E0,8.51173E-1,0E0,1.2737427E0,0E0,3.1264824E-1,0E0,0E0,0E0,0E0],"parents":[2147483647,0,0,1,1,2,2,4,4,6,6,8,8],"right_children":[2,-1,-1,-1,-1,-1,-1,-1,-1,-1,-1,-1,-1],"split_conditions":[5.5766187E3,-1.4819286E-2,1.4666581E-2,-1.9264253E-2,1.7590191E-3,-1.656482E-2,1.8317988E-2,1.6310489E-2,-8.4103765E-3,-9.344198E-3,1.9913265E-2,3.860698E-3,-1.4336731E-2],"split_indices":[48,38,264,2147483647,2147483647,2147483647,2147483647,2147483647,2147483647,2147483647,2147483647,2147483647,2147483647],"split_type":[0,0,0,0,0,0,0,0,0,0,0,0,0],"sum_hessian":[1E2,4.5E1,5.5E1,3.6E1,9E0,5E0,5E1,4E0,5E0,2E0,4.8E1,1E0,4E0],"tree_param":{"num_deleted":"10","num_feature":"350","num_nodes":"13","size_leaf_vector":"0"}},{"base_weights":[-6.789248E-3,-2.4344607E-1,3.3615354E-1,-1.4661825E-2,-4.1900387E-1,3.9605898E-1,-2.8691563E-1,3.4535545E-1,-2.9052642E-1,4.1801658E-1,-9.112245E-2,4.1894567E-1,-1.1886373E-1,-3.9973485E-1,2.8876072E-1],"categories":[],"categories_nodes":[],"categories_segments":[],"categories_sizes":[],"default_left":[1,1,1,1,1,1,1,1,1,1,1,1,1,1,1],"id":5,"left_children":[1,-1,-1,-1,-1,-1,-1,-1,-1,-1,-1,-1,-1,-1,-1],"loss_changes":[8.819276E0,2.4744732E0,1.7886887E0,3.0633667E0,0E0,5.7474995E-1,0E0,5.8392787E-1,1.2874547E0,0E0,0E0,0E0,0E0,0E0,0E0],"parents":[2147483647,0,0,1,1,2,2,3,3,5,5,7,7,8,8],"right_children":[2,-1,-1,-1,-1,-1,-1,-1,-1,-1,-1,-1,-1,-1,-1],"split_conditions":[5.9664062E3,-1.0955074E-2,1.512691E-2,-6.5978215E-4,-1.8855175E-2,1.7822655E-2,-1.2911204E-2,1.5540996E-2,-1.3073689E-2,1.8810747E-2,-4.1005104E-3,1.8852556E-2,-5.348868E-3,-1.7988069E-2,1.2994233E-2],"split_indices":[24,92,250,2147483647,2147483647,2147483647,2147483647,2147483647,2147483647,2147483647,2147483647,2147483647,2147483647,2147483647,2147483647],"split_type":[0,0,0,0,0,0,0,0,0,0,0,0,0,0,0],"sum_hessian":[1.07E2,6.4E1,4.3E1,2.9E1,3.5E1,4E1,3E0,1.2E1,1.7E1,3.9E1,1E0,1.1E1,1E0,1.5E1,2E0],"tree_param":{"num_deleted":"12","num_feature":"350","num_nodes":"15","size_leaf_vector":"0"}},{"base_weights":[-9.800158E-2,-3.4019515E-1,1.5468363E-1,5.996088E-2,-4.0891367E-1,-4.39841E-1,3.218108E-1,-2.451025E-1,3.520194E-1,3.67297E-1,-2.616177E-1,4.144168E-1,-2.205729E-1],"categories":[],"categories_nodes":[],"categories_segments":[],"categories_sizes":[],"default_left":[1,1,1,1,1,0,1,1,1,1,1,1,1],"id":6,"left_children":[1,-1,5,-1,-1,-1,-1,-1,-1,-1,-1,-1,-1],"loss_changes":[6.3505464E0,1.586606E0,5.074198E0,8.311268E-1,0E0,0E0,1.189312E0,0E0,0E0,1.2021742E0,0E0,0E0,0E0],"parents":[2147483647,0,0,1,1,2,2,3,3,6,6,9,9],"right_children":[2,-1,6,-1,-1,-1,-1,-1,-1,-1,-1,-1,-1],"split_conditions":[5.576535E3,-1.5308782E-2,1.1123445E2,2.6982396E-3,-1.8401116E-2,-1.9792845E-2,1.4481487E-2,-1.1029612E-2,1.5840873E-2,1.6528366E-2,-1.17727965E-2,1.8648757E-2,-9.925781E-3],"split_indices":[48,35,157,2147483647,2147483647,0,235,2147483647,2147483647,2147483647,2147483647,2147483647,2147483647],"split_type":[0,0,0,0,0,0,0,0,0,0,0,0,0],"sum_hessian":[1.01E2,5.2E1,4.9E1,7E0,4.5E1,1E1,3.9E1,3E0,4E0,3.7E1,2E0,3.5E1,2E0],"tree_param":{"num_deleted":"8","num_feature":"350","num_nodes":"13","size_leaf_vector":"0"}},{"base_weights":[3.43445E-2,-2.7403128E-1,2.8450242E-1,-3.8757753E-1,1.0553616E-1,-3.6292848E-1,3.9905882E-1,3.2454598E-1,-2.838675E-1,-2.0053685E-1,4.3374714E-1],"categories":[],"categories_nodes":[],"categories_segments":[],"categories_sizes":[],"default_left":[1,1,1,1,1,1,1,1,1,1,1],"id":7,"left_children":[1,-1,-1,-1,-1,-1,-1,-1,-1,-1,-1],"loss_changes":[8.181082E0,2.151143E0,4.5315423E0,0E0,1.0424471E0,0E0,1.2176933E0,0E0,0E0,0E0,0E0],"parents":[2147483647,0,0,1,1,2,2,4,4,6,6],"right_children":[2,-1,-1,-1,-1,-1,-1,-1,-1,-1,-1],"split_conditions":[6.0540086E-1,-1.2331408E-2,1.2802609E-2,-1.744099E-2,4.7491277E-3,-1.6331783E-2,1.7957648E-2,1.4604569E-2,-1.2774038E-2,-9.024158E-3,1.9518621E-2],"split_indices":[34,48,304,2147483647,2147483647,2147483647,2147483647,2147483647,2147483647,2147483647,2147483647],"split_type":[0,0,0,0,0,0,0,0,0,0,0],"sum_hessian":[1.04E2,4.6E1,5.8E1,3.6E1,1E1,8E0,5E1,7E0,3E0,2E0,4.8E1],"tree_param":{"num_deleted":"8","num_feature":"350","num_nodes":"11","size_leaf_vector":"0"}},{"base_weights":[-2.7330998E-2,-3.288481E-1,2.1230063E-1,2.7593955E-1,-3.685262E-1,-3.349489E-1,3.5388985E-1,-3.890612E-1,1.1750731E-1,5.5397987E-2,-4.027439E-1,-1.7333803E-1,4.1394216E-1,-3.1285104E-1,4.2356998E-2],"categories":[],"categories_nodes":[],"categories_segments":[],"categories_sizes":[],"default_left":[1,1,1,1,1,1,1,1,1,1,1,1,1,1,1],"id":8,"left_children":[1,-1,-1,-1,-1,-1,-1,-1,-1,-1,-1,-1,-1,-1,-1],"loss_changes":[7.619094E0,1.257318E0,4.618326E0,0E0,5.763154E-1,4.4407785E-1,1.6320124E0,0E0,0E0,0E0,0E0,2.4486093E-1,0E0,0E0,0E0],"parents":[2147483647,0,0,1,1,2,2,4,4,5,5,6,6,11,11],"right_children":[2,-1,-1,-1,-1,-1,-1,-1,-1,-1,-1,-1,-1,-1,-1],"split_conditions":[5.29984E3,-1.4798164E-2,9.553528E-3,1.241728E-2,-1.658368E-2,-1.5072701E-2,1.5925044E-2,-1.7507756E-2,5.2878293E-3,2.4929096E-3,-1.8123476E-2,-7.8002117E-3,1.8627398E-2,-1.4078298E-2,1.9060649E-3],"split_indices":[48,104,268,2147483647,2147483647,2147483647,2147483647,2147483647,2147483647,2147483647,2147483647,2147483647,2147483647,2147483647,2147483647],"split_type":[0,0,0,0,0,0,0,0,0,0,0,0,0,0,0],"sum_hessian":[1.03E2,4.6E1,5.7E1,2E0,4.4E1,1.1E1,4.6E1,4.3E1,1E0,1E0,1E1,4E0,4.2E1,3E0,1E0],"tree_param":{"num_deleted":"12","num_feature":"350","num_nodes":"15","size_leaf_vector":"0"}},{"base_weights":[3.6735944E-2,-2.1926457E-1,2.8338948E-1,1.5624323E-1,-3.2197973E-1,3.554538E-1,-2.0839293E-1,-2.2995326E-1,3.673111E-1,2.0902069E-1,-3.6226234E-1,-3.092169E-1,4.1330332E-1,-3.0565184E-1,3.7580222E-2,-3.823296E-1,5.0147235E-2],"categories":[],"categories_nodes":[],"categories_segments":[],"categories_sizes":[],"default_left":[1,1,1,1,1,1,1,1,1,1,1,1,1,1,1,1,1],"id":9,"left_children":[1,-1,-1,-1,-1,-1,-1,-1,-1,-1,-1,-1,-1,-1,-1,-1,-1],"loss_changes":[6.6482916E0,2.0671155E0,2.03195E0,1.022322E0,9.986863E-1,2.0046687E0,2.593695E-1,0E0,0E0,0E0,4.4158936E-1,0E0,0E0,0E0,0E0,0E0,0E0],"parents":[2147483647,0,0,1,1,2,2,3,3,4,4,5,5,6,6,10,10],"right_children":[2,-1,-1,-1,-1,-1,-1,-1,-1,-1,-1,-1,-1,-1,-1,-1,-1],"split_conditions":[4.9227227E3,-9.866906E-3,1.2752527E-2,7.0309457E-3,-1.4489088E-2,1.599542E-2,-9.377683E-3,-1.0347897E-2,1.6529E-2,9.405931E-3,-1.6301805E-2,-1.391476E-2,1.859865E-2,-1.3754333E-2,1.6911101E-3,-1.7204834E-2,2.2566258E-3],"split_indices":[44,120,316,2147483647,2147483647,2147483647,2147483647,2147483647,2147483647,2147483647,2147483647,2147483647,2147483647,2147483647,2147483647,2147483647,2147483647],"split_type":[0,0,0,0,0,0,0,0,0,0,0,0,0,0,0,0,0],"sum_hessian":[1.03E2,5E1,5.3E1,1E1,4E1,4.7E1,6E0,3E0,7E0,2E0,3.8E1,3E0,4.4E1,5E0,1E0,3.7E1,1E0],"tree_param":{"num_deleted":"14","num_feature":"350","num_nodes":"17","size_leaf_vector":"0"}},{"base_weights":[3.7396498E-2,-2.0810747E-1,3.0999362E-1,-3.036036E-1,2.1761191E-1,-2.9497242E-1,3.6910805E-1,-3.577387E-1,3.333848E-1,3.6395943E-1,-1.9396795E-1,4.0269047E-1,-2.0244043E-1,-3.7831202E-1,1.4431718E-1],"categories":[],"categories_nodes":[],"categories_segments":[],"categories_sizes":[],"default_left":[1,1,1,1,1,1,1,1,1,1,1,1,1,1,1],"id":10,"left_children":[1,-1,-1,-1,-1,-1,-1,-1,-1,-1,-1,-1,-1,-1,-1],"loss_changes":[7.724377E0,2.5311384E0,2.09804E0,1.8507423E0,7.841646E-1,0E0,1.1204886E0,6.102567E-1,0E0,0E0,0E0,0E0,0E0,0E0,0E0],"parents":[2147483647,0,0,1,1,2,2,3,3,4,4,6,6,7,7],"right_children":[2,-1,-1,-1,-1,-1,-1,-1,-1,-1,-1,-1,-1,-1,-1],"split_conditions":[4.783802E3,-9.364837E-3,1.3949714E-2,-1.3662162E-2,9.7925365E-3,-1.327376E-2,1.6609862E-2,-1.6098242E-2,1.5002317E-2,1.6378175E-2,-8.728558E-3,1.8121071E-2,-9.109819E-3,-1.7024042E-2,6.4942734E-3],"split_indices":[36,25,153,2147483647,2147483647,2147483647,2147483647,2147483647,2147483647,2147483647,2147483647,2147483647,2147483647,2147483647,2147483647],"split_type":[0,0,0,0,0,0,0,0,0,0,0,0,0,0,0],"sum_hessian":[1.13E2,5.9E1,5.4E1,4.9E1,1E1,4E0,5E1,4.6E1,3E0,8E0,2E0,4.8E1,2E0,4.5E1,1E0],"tree_param":{"num_deleted":"12","num_feature":"350","num_nodes":"15","size_leaf_vector":"0"}},{"base_weights":[4.78291E-4,-2.9101026E-1,2.9807952E-1,-3.425149E-1,1.7073342E-1,3.8303432E-1,-0E0,-3.6148384E-1,9.605977E-2,3.2234222E-1,-6.785087E-2,3.096012E-1,-3.527691E-1],"categories":[],"categories_nodes":[],"categories_segments":[],"categories_sizes":[],"default_left":[1,1,1,1,1,1,1,1,1,1,1,1,1],"id":11,"left_children":[1,-1,-1,-1,-1,-1,-1,-1,-1,-1,-1,-1,-1],"loss_changes":[8.503358E0,1.2753282E0,1.2214618E0,4.8872042E-1,2.79076E-1,0E0,1.4176465E0,0E0,0E0,0E0,0E0,0E0,0E0],"parents":[2147483647,0,0,1,1,2,2,3,3,4,4,6,6],"right_children":[2,-1,-1,-1,-1,-1,-1,-1,-1,-1,-1,-1,-1],"split_conditions":[5.415008E3,-1.3095463E-2,1.3413579E-2,-1.5413172E-2,7.6830043E-3,1.7236546E-2,-0E0,-1.6266774E-2,4.32269E-3,1.45054E-2,-3.0532894E-3,1.3932054E-2,-1.5874611E-2],"split_indices":[48,198,171,2147483647,2147483647,2147483647,2147483647,2147483647,2147483647,2147483647,2147483647,2147483647,2147483647],"split_type":[0,0,0,0,0,0,0,0,0,0,0,0,0],"sum_hessian":[9.6E1,4.8E1,4.8E1,4.4E1,4E0,3.7E1,1.1E1,4.3E1,1E0,3E0,1E0,6E0,5E0],"tree_param":{"num_deleted":"10","num_feature":"350","num_nodes":"13","size_leaf_vector":"0"}},{"base_weights":[1.2125309E-2,-2.7540344E-1,2.0381692E-1,9.60694E-2,-3.416809E-1,3.6463693E-1,-2.8295225E-1,-1.2913688E-1,3.1595677E-1,-3.6846194E-1,1.21046394E-1,3.8206974E-1,-5.991943E-2,-3.780287E-1,1.2336308E-1],"categories":[],"categories_nodes":[],"categories_segments":[],"categories_sizes":[],"default_left":[1,1,1,1,1,1,1,1,1,1,1,1,1,1,1],"id":12,"left_children":[1,-1,-1,-1,-1,-1,-1,-1,-1,-1,-1,-1,-1,-1,-1],"loss_changes":[5.4361076E0,1.0666995E0,4.824613E0,3.939677E-1,5.40164E-1,4.5999432E-1,7.0249975E-1,0E0,0E0,0E0,0E0,0E0,0E0,0E0,0E0],"parents":[2147483647,0,0,1,1,2,2,3,3,4,4,5,5,6,6],"right_children":[2,-1,-1,-1,-1,-1,-1,-1,-1,-1,-1,-1,-1,-1,-1],"split_conditions":[4.225248E3,-1.2393155E-2,9.171762E-3,4.3231235E-3,-1.5375642E-2,1.6408663E-2,-1.2732851E-2,-5.8111595E-3,1.4218056E-2,-1.6580788E-2,5.447088E-3,1.7193139E-2,-2.6963744E-3,-1.7011292E-2,5.5513387E-3],"split_indices":[24,170,4,2147483647,2147483647,2147483647,2147483647,2147483647,2147483647,2147483647,2147483647,2147483647,2147483647,2147483647,2147483647],"split_type":[0,0,0,0,0,0,0,0,0,0,0,0,0,0,0],"sum_hessian":[9.7E1,3.8E1,5.9E1,5E0,3.3E1,4.5E1,1.4E1,2E0,3E0,3.2E1,1E0,4.4E1,1E0,1.2E1,2E0],"tree_param":{"num_deleted":"12","num_feature":"350","num_nodes":"15","size_leaf_vector":"0"}},{"base_weights":[5.6804153E-3,-1.9368154E-1,3.111216E-1,-2.6186964E-1,4.048231E-1,-2.7239054E-1,3.5065377E-1,1.0867292E-1,-3.231972E-1,-2.3216042E-1,3.67783E-1,-0E0,-3.6869904E-1,-1.6405886E-1,2.366611E-1,-3.831693E-1,1.2936413E-2],"categories":[],"categories_nodes":[],"categories_segments":[],"categories_sizes":[],"default_left":[1,1,1,1,1,1,1,1,1,1,1,1,1,1,1,1,1],"id":13,"left_children":[1,-1,-1,-1,-1,-1,-1,-1,-1,-1,-1,-1,-1,-1,-1,-1,-1],"loss_changes":[7.0373325E0,2.8790774E0,1.1800985E0,1.5311213E0,0E0,0E0,0E0,9.208916E-1,9.159074E-1,0E0,0E0,3.3169517E-1,3.8662243E-1,0E0,0E0,0E0,0E0],"parents":[2147483647,0,0,1,1,2,2,3,3,7,7,8,8,11,11,12,12],"right_children":[2,-1,-1,-1,-1,-1,-1,-1,-1,-1,-1,-1,-1,-1,-1,-1,-1],"split_conditions":[6.0932705E3,-8.71567E-3,1.4000474E-2,-1.1784134E-2,1.821704E-2,-1.2257575E-2,1.577942E-2,4.8902812E-3,-1.4543874E-2,-1.0447219E-2,1.6550235E-2,-0E0,-1.6591458E-2,-7.382649E-3,1.064975E-2,-1.724262E-2,5.821386E-4],"split_indices":[24,198,28,2147483647,2147483647,2147483647,2147483647,2147483647,2147483647,2147483647,2147483647,2147483647,2147483647,2147483647,2147483647,2147483647,2147483647],"split_type":[0,0,0,0,0,0,0,0,0,0,0,0,0,0,0,0,0],"sum_hessian":[1.13E2,6.8E1,4.5E1,6.2E1,6E0,2E0,4.3E1,8E0,5.4E1,3E0,5E0,6E0,4.8E1,3E0,3E0,4.7E1,1E0],"tree_param":{"num_deleted":"14","num_feature":"350","num_nodes":"17","size_leaf_vector":"0"}},{"base_weights":[3.1528577E-2,-2.1300822E-1,2.3627478E-1,-3.0587417E-1,2.6229268E-1,-5.4274246E-2,3.4214693E-1,2.26134E-2,-3.439338E-1,3.5018188E-1,-7.0410535E-2,2.5979686E-1,-3.050283E-1,-2.137117E-1,3.7601003E-1,-1.1506433E-1,2.5275335E-1,-3.6671835E-1,5.9361756E-3],"categories":[],"categories_nodes":[],"categories_segments":[],"categories_sizes":[],"default_left":[1,1,1,1,1,1,1,1,1,1,1,1,1,1,1,1,1,1,1],"id":14,"left_children":[1,-1,-1,-1,-1,-1,-1,-1,-1,-1,-1,-1,-1,-1,-1,-1,-1,-1,-1],"loss_changes":[6.115534E0,2.520963E0,2.1659214E0,6.9177294E-1,3.717571E-1,1.5103976E0,1.0702024E0,2.2881533E-1,0E0,0E0,0E0,0E0,3.2142925E-1,0E0,0E0,0E0,0E0,0E0,0E0],"parents":[2147483647,0,0,1,1,2,2,3,3,4,4,5,5,6,6,7,7,12,12],"right_children":[2,-1,-1,-1,-1,-1,-1,-1,-1,-1,-1,-1,-1,-1,-1,-1,-1,-1,-1],"split_conditions":[2.753237E3,-9.58537E-3,1.0632365E-2,-1.3764339E-2,1.1803172E-2,-2.442341E-3,1.5396613E-2,1.0176031E-3,-1.5477021E-2,1.5758185E-2,-3.1684742E-3,1.1690859E-2,-1.3726274E-2,-9.617027E-3,1.6920453E-2,-5.177895E-3,1.1373901E-2,-1.6502326E-2,2.671279E-4],"split_indices":[25,32,30,2147483647,2147483647,2147483647,2147483647,2147483647,2147483647,2147483647,2147483647,2147483647,2147483647,2147483647,2147483647,2147483647,2147483647,2147483647,2147483647],"split_type":[0,0,0,0,0,0,0,0,0,0,0,0,0,0,0,0,0,0,0],"sum_hessian":[1.2E2,5.4E1,6.6E1,4.6E1,8E0,1.7E1,4.9E1,4E0,4.2E1,7E0,1E0,7E0,1E1,2E0,4.7E1,2E0,2E0,9E0,1E0],"tree_param":{"num_deleted":"16","num_feature":"350","num_nodes":"19","size_leaf_vector":"0"}},{"base_weights":[3.534874E-2,-2.4859373E-1,2.1415412E-1,-3.1287715E-1,3.3317637E-1,-2.4084257E-1,3.1685424E-1,-3.4037197E-1,1.8846822E-1,1.9293204E-1,-4.4020432E-1,-2.1448351E-1,3.471842E-1],"categories":[],"categories_nodes":[],"categories_segments":[],"categories_sizes":[],"default_left":[1,1,1,1,1,1,1,1,1,1,1,1,1],"id":15,"left_children":[1,-1,-1,-1,-1,-1,-1,-1,-1,-1,-1,-1,-1],"loss_changes":[5.3230314E0,1.5940804E0,3.1364496E0,6.197431E-1,0E0,1.1968482E0,9.845104E-1,0E0,0E0,0E0,0E0,0E0,0E0],"parents":[2147483647,0,0,1,1,2,2,3,3,5,5,6,6],"right_children":[2,-1,-1,-1,-1,-1,-1,-1,-1,-1,-1,-1,-1],"split_conditions":[5.5270044E3,-1.1186718E-2,9.636936E-3,-1.4079472E-2,1.4992937E-2,-1.0837916E-2,1.42584415E-2,-1.5316739E-2,8.48107E-3,8.681942E-3,-1.9809196E-2,-9.651759E-3,1.562329E-2],"split_indices":[48,34,273,2147483647,2147483647,2147483647,2147483647,2147483647,2147483647,2147483647,2147483647,2147483647,2147483647],"split_type":[0,0,0,0,0,0,0,0,0,0,0,0,0],"sum_hessian":[1.03E2,3.9E1,6.4E1,3.6E1,3E0,1.1E1,5.3E1,3.5E1,1E0,3E0,8E0,2E0,5.1E1],"tree_param":{"num_deleted":"10","num_feature":"350","num_nodes":"13","size_leaf_vector":"0"}},{"base_weights":[-1.6240962E-2,-1.8904558E-1,2.5846982E-1,1.839813E-1,-2.592831E-1,3.1470424E-1,-2.9349166E-1,3.1786746E-1,-1.7900424E-1,-3.0674908E-1,1.6903555E-1,2.712299E-1,-3.393375E-1,2.8172636E-1,-4.7209203E-2,-3.5249436E-1,2.24092E-2],"categories":[],"categories_nodes":[],"categories_segments":[],"categories_sizes":[],"default_left":[1,1,1,1,1,1,1,1,1,1,1,1,1,1,1,1,1],"id":16,"left_children":[1,-1,-1,-1,-1,-1,-1,-1,-1,-1,-1,-1,-1,-1,-1,-1,-1],"loss_changes":[5.3448205E0,1.9043267E0,1.4334133E0,6.3314474E-1,1.3129997E0,0E0,0E0,0E0,0E0,1.1484199E0,2.2986798E-1,0E0,3.591752E-1,0E0,0E0,0E0,0E0],"parents":[2147483647,0,0,1,1,2,2,3,3,4,4,9,9,10,10,12,12],"right_children":[2,-1,-1,-1,-1,-1,-1,-1,-1,-1,-1,-1,-1,-1,-1,-1,-1],"split_conditions":[6.309459E3,-8.5070515E-3,1.1631142E-2,8.279159E-3,-1.166774E-2,1.4161691E-2,-1.32071255E-2,1.4304036E-2,-8.055191E-3,-1.3803709E-2,7.6066004E-3,1.2205346E-2,-1.5270188E-2,1.2677686E-2,-2.1244143E-3,-1.5862247E-2,1.0084141E-3],"split_indices":[24,299,4,2147483647,2147483647,2147483647,2147483647,2147483647,2147483647,2147483647,2147483647,2147483647,2147483647,2147483647,2147483647,2147483647,2147483647],"split_type":[0,0,0,0,0,0,0,0,0,0,0,0,0,0,0,0,0],"sum_hessian":[1.11E2,6.9E1,4.2E1,1E1,5.9E1,3.9E1,3E0,8E0,2E0,5.4E1,5E0,2E0,5.2E1,4E0,1E0,5.1E1,1E0],"tree_param":{"num_deleted":"14","num_feature":"350","num_nodes":"17","size_leaf_vector":"0"}},{"base_weights":[3.5008624E-2,-2.2051309E-1,2.1769324E-1,-2.9457662E-1,1.8593247E-1,-4.0136385E-1,2.9213735E-1,-3.142016E-1,2.6523799E-2,-1.0939452E-1,3.268768E-1,3.3898035E-1,-2.6801315E-1],"categories":[],"categories_nodes":[],"categories_segments":[],"categories_sizes":[],"default_left":[1,1,1,1,1,1,1,1,1,1,1,1,1],"id":17,"left_children":[-1,-1,-1,-1,-1,-1,-1,-1,-1,-1,-1,-1,-1],"loss_changes":[4.4350677E0,1.2613736E0,2.6652544E0,3.0889106E-1,3.5075116E-1,0E0,1.4503369E0,0E0,0E0,0E0,0E0,0E0,0E0],"parents":[2147483647,0,0,1,1,2,2,3,3,4,4,6,6],"right_children":[-1,-1,-1,-1,-1,-1,-1,-1,-1,-1,-1,-1,-1],"split_conditions":[1.5753881E-3,-9.923089E-3,9.796197E-3,-1.3255948E-2,8.366962E-3,-1.8061373E-2,1.3146182E-2,-1.4139072E-2,1.193571E-3,-4.9227537E-3,1.4709456E-2,1.5254117E-2,-1.2060592E-2],"split_indices":[25,2147483647,2147483647,2147483647,2147483647,2147483647,2147483647,2147483647,2147483647,2147483647,2147483647,2147483647,2147483647],"split_type":[0,0,0,0,0,0,0,0,0,0,0,0,0],"sum_hessian":[9.3E1,3.8E1,5.5E1,3.3E1,5E0,5E0,5E1,3.2E1,1E0,1E0,4E0,4.7E1,3E0],"tree_param":{"num_deleted":"12","num_feature":"350","num_nodes":"13","size_leaf_vector":"0"}},{"base_weights":[-4.3117926E-3,-3.342006E-1,2.1068594E-1,3.2228002E-1,-1.9448338E-1,-4.474719E-2,3.3742413E-1,2.0242886E-1,-3.6379996E-1],"categories":[],"categories_nodes":[],"categories_segments":[],"categories_sizes":[],"default_left":[1,0,1,1,1,1,1,1,1],"id":18,"left_children":[1,-1,-1,-1,-1,-1,-1,-1,-1],"loss_changes":[7.1290746E0,0E0,2.8138866E0,3.697009E-1,9.9570465E-1,0E0,0E0,0E0,0E0],"parents":[2147483647,0,0,2,2,3,3,4,4],"right_children":[2,-1,-1,-1,-1,-1,-1,-1,-1],"split_conditions":[3.9405627E3,-1.5039027E-2,9.480868E-3,1.4502602E-2,-8.751753E-3,-2.0136235E-3,1.5184087E-2,9.1093E-3,-1.6370999E-2],"split_indices":[24,0,4,2147483647,2147483647,2147483647,2147483647,2147483647,2147483647],"split_type":[0,0,0,0,0,0,0,0,0],"sum_hessian":[9.8E1,3.9E1,5.9E1,4.7E1,1.2E1,1E0,4.6E1,3E0,9E0],"tree_param":{"num_deleted":"6","num_feature":"350","num_nodes":"9","size_leaf_vector":"0"}},{"base_weights":[-2.1656334E-2,-1.8544532E-1,2.8997633E-1,-3.2092798E-1,5.1169954E-2,-2.223491E-1,3.3294854E-1,-3.38852E-1,1.10750735E-1,-2.1937253E-1,2.696287E-1,-3.9643946E-1,1.5887122E-1,-0E0,3.0709866E-1],"categories":[],"categories_nodes":[],"categories_segments":[],"categories_sizes":[],"default_left":[1,1,1,1,1,1,1,1,1,1,1,1,1,1,1],"id":19,"left_children":[1,-1,-1,-1,-1,-1,-1,-1,-1,-1,-1,-1,-1,-1,-1],"loss_changes":[5.688077E0,2.4695868E0,9.4381E-1,4.7735453E-1,1.6699898E0,0E0,0E0,0E0,0E0,9.379468E-1,2.514497E-1,0E0,0E0,0E0,0E0],"parents":[2147483647,0,0,1,1,2,2,3,3,4,4,9,9,10,10],"right_children":[2,-1,-1,-1,-1,-1,-1,-1,-1,-1,-1,-1,-1,-1,-1],"split_conditions":[7.3939073E-1,-8.34504E-3,1.3048936E-2,-1.4441759E-2,2.302648E-3,-1.0005711E-2,1.49826845E-2,-1.524834E-2,4.9837832E-3,-9.871764E-3,1.2133292E-2,-1.7839776E-2,7.149205E-3,-0E0,1.381944E-2],"split_indices":[42,34,156,2147483647,2147483647,2147483647,2147483647,2147483647,2147483647,2147483647,2147483647,2147483647,2147483647,2147483647,2147483647],"split_type":[0,0,0,0,0,0,0,0,0,0,0,0,0,0,0],"sum_hessian":[1.1E2,7.3E1,3.7E1,4.7E1,2.6E1,2E0,3.5E1,4.6E1,1E0,1.1E1,1.5E1,8E0,3E0,1E0,1.4E1],"tree_param":{"num_deleted":"12","num_feature":"350","num_nodes":"15","size_leaf_vector":"0"}},{"base_weights":[-1.5995149E-2,-2.0376049E-1,2.6356068E-1,2.3470145E-1,-2.6896045E-1,-1.3528965E-1,3.1191048E-1,-0E0,2.9640684E-1,-3.047558E-1,2.5126123E-1,-2.573248E-1,2.642548E-2,-3.4120622E-1,9.714995E-2,-0E0,1.8617286E-1],"categories":[],"categories_nodes":[],"categories_segments":[],"categories_sizes":[],"default_left":[1,1,1,1,1,1,1,1,1,1,1,1,1,1,1,1,1],"id":20,"left_children":[1,-1,-1,-1,-1,-1,-1,-1,-1,-1,-1,-1,-1,-1,-1,-1,-1],"loss_changes":[6.072216E0,2.0745416E0,9.8226357E-1,2.0709318E-1,1.2471561E0,1.7474441E-1,0E0,0E0,0E0,9.706931E-1,0E0,0E0,0E0,0E0,9.1450766E-2,0E0,0E0],"parents":[2147483647,0,0,1,1,2,2,3,3,4,4,5,5,9,9,14,14],"right_children":[2,-1,-1,-1,-1,-1,-1,-1,-1,-1,-1,-1,-1,-1,-1,-1,-1],"split_conditions":[7.6305845E3,-9.169223E-3,1.1860231E-2,1.0561566E-2,-1.210322E-2,-6.0880347E-3,1.4035972E-2,-0E0,1.3338308E-2,-1.3714012E-2,1.1306756E-2,-1.1579617E-2,1.1891467E-3,-1.535428E-2,4.371748E-3,-0E0,8.377779E-3],"split_indices":[48,43,25,2147483647,2147483647,2147483647,2147483647,2147483647,2147483647,2147483647,2147483647,2147483647,2147483647,2147483647,2147483647,2147483647,2147483647],"split_type":[0,0,0,0,0,0,0,0,0,0,0,0,0,0,0,0,0],"sum_hessian":[1.14E2,6.9E1,4.5E1,8E0,6.1E1,4E0,4.1E1,1E0,7E0,5.8E1,3E0,3E0,1E0,5.4E1,4E0,1E0,3E0],"tree_param":{"num_deleted":"14","num_feature":"350","num_nodes":"17","size_leaf_vector":"0"}},{"base_weights":[1.1228607E-2,-2.0961076E-1,2.0118101E-1,-2.8769398E-1,1.5974626E-1,3.2740107E-1,-2.533909E-1,3.2018292E-1,-1.1437577E-1,3.4252313E-1,-1.1424035E-2,-3.794358E-1,1.5122247E-1,4.6889675E-1,2.750542E-1],"categories":[],"categories_nodes":[],"categories_segments":[],"categories_sizes":[],"default_left":[1,1,1,1,1,1,1,1,1,1,1,1,1,1,1],"id":21,"left_children":[-1,-1,-1,-1,-1,-1,-1,-1,-1,-1,-1,-1,-1,-1,-1],"loss_changes":[4.234538E0,1.4110091E0,3.2608483E0,0E0,4.5019704E-1,3.286872E-1,7.378368E-1,0E0,0E0,1.4472961E-2,0E0,0E0,0E0,0E0,0E0],"parents":[2147483647,0,0,1,1,2,2,4,4,5,5,6,6,9,9],"right_children":[-1,-1,-1,-1,-1,-1,-1,-1,-1,-1,-1,-1,-1,-1,-1],"split_conditions":[5.052873E-4,-9.432484E-3,9.053146E-3,-1.2946229E-2,7.188582E-3,1.4733049E-2,-1.1402591E-2,1.4408232E-2,-5.14691E-3,1.5413541E-2,-5.1408156E-4,-1.7074613E-2,6.8050115E-3,2.1100355E-2,1.2377439E-2],"split_indices":[25,2147483647,2147483647,2147483647,2147483647,2147483647,2147483647,2147483647,2147483647,2147483647,2147483647,2147483647,2147483647,2147483647,2147483647],"split_type":[0,0,0,0,0,0,0,0,0,0,0,0,0,0,0],"sum_hessian":[9.9E1,4.5E1,5.4E1,3.8E1,7E0,4.3E1,1.1E1,5E0,2E0,4.2E1,1E0,9E0,2E0,1.1E1,3.1E1],"tree_param":{"num_deleted":"14","num_feature":"350","num_nodes":"15","size_leaf_vector":"0"}},{"base_weights":[-1.4663484E-2,-2.1667741E-1,2.4145383E-1,-2.6216832E-1,2.852544E-1,-2.88132E-1,2.9092857E-1,2.4291171E-1,-2.90406E-1,1.0654424E-1,-3.2112512E-1,-0E0,2.2548491E-1],"categories":[],"categories_nodes":[],"categories_segments":[],"categories_sizes":[],"default_left":[1,1,1,1,1,1,1,1,1,1,1,1,1],"id":22,"left_children":[1,-1,-1,-1,-1,-1,-1,-1,-1,-1,-1,-1,-1],"loss_changes":[5.5809855E0,1.4606919E0,1.3161185E0,8.977413E-1,0E0,0E0,0E0,0E0,7.692566E-1,1.0712363E-1,0E0,0E0,0E0],"parents":[2147483647,0,0,1,1,2,2,3,3,8,8,9,9],"right_children":[2,-1,-1,-1,-1,-1,-1,-1,-1,-1,-1,-1,-1],"split_conditions":[6.6311357E3,-9.750484E-3,1.0865423E-2,-1.1797574E-2,1.2836448E-2,-1.2965941E-2,1.3091786E-2,1.0931027E-2,-1.306827E-2,4.794491E-3,-1.4450631E-2,-0E0,1.0146821E-2],"split_indices":[48,122,24,2147483647,2147483647,2147483647,2147483647,2147483647,2147483647,2147483647,2147483647,2147483647,2147483647],"split_type":[0,0,0,0,0,0,0,0,0,0,0,0,0],"sum_hessian":[1.06E2,6E1,4.6E1,5.6E1,4E0,3E0,4.3E1,2E0,5.4E1,3E0,5.1E1,1E0,2E0],"tree_param":{"num_deleted":"10","num_feature":"350","num_nodes":"13","size_leaf_vector":"0"}},{"base_weights":[-1.4522972E-3,-2.7018976E-1,1.5933156E-1,-2.8956625E-1,9.274647E-2,-2.7315408E-1,2.8929144E-1,1.539482E-1,-4.1775867E-1,3.4477952E-1,-2.3015499E-1,4.9163634E-1,2.7791673E-1],"categories":[],"categories_nodes":[],"categories_segments":[],"categories_sizes":[],"default_left":[1,1,1,1,1,1,1,1,1,1,1,1,1],"id":23,"left_children":[-1,-1,-1,-1,-1,-1,-1,-1,-1,-1,-1,-1,-1],"loss_changes":[4.5700064E0,3.6719918E-1,3.737238E0,0E0,0E0,1.0698706E0,1.5837178E0,0E0,0E0,9.400511E-2,0E0,0E0,0E0],"parents":[2147483647,0,0,1,1,2,2,5,5,6,6,9,9],"right_children":[-1,-1,-1,-1,-1,-1,-1,-1,-1,-1,-1,-1,-1],"split_conditions":[-6.535338E-5,-1.215854E-2,7.1699205E-3,-1.30304815E-2,4.1735913E-3,-1.2291934E-2,1.3018115E-2,6.9276695E-3,-1.8799141E-2,1.5515079E-2,-1.0356975E-2,2.2123637E-2,1.2506253E-2],"split_indices":[25,2147483647,2147483647,2147483647,2147483647,2147483647,2147483647,2147483647,2147483647,2147483647,2147483647,2147483647,2147483647],"split_type":[0,0,0,0,0,0,0,0,0,0,0,0,0],"sum_hessian":[1.03E2,3.9E1,6.4E1,3.8E1,1E0,1.4E1,5E1,3E0,1.1E1,4.6E1,4E0,1.1E1,3.5E1],"tree_param":{"num_deleted":"12","num_feature":"350","num_nodes":"13","size_leaf_vector":"0"}},{"base_weights":[5.070011E-3,-2.304698E-1,1.5778023E-1,2.912982E-1,-2.9389927E-1,-1.8926992E-1,2.8721255E-1,-3.6424553E-1,2.0852551E-1,3.2549793E-1,-2.4452029E-1,-0E0,3.4048352E-1],"categories":[],"categories_nodes":[],"categories_segments":[],"categories_sizes":[],"default_left":[1,1,1,1,1,1,1,1,1,1,1,1,1],"id":24,"left_children":[-1,-1,-1,-1,-1,-1,-1,-1,-1,-1,-1,-1,-1],"loss_changes":[3.4316437E0,1.3109252E0,2.733994E0,0E0,0E0,1.2363424E0,9.996183E-1,0E0,0E0,3.03236E-1,0E0,0E0,0E0],"parents":[2147483647,0,0,1,1,2,2,5,5,6,6,9,9],"right_children":[-1,-1,-1,-1,-1,-1,-1,-1,-1,-1,-1,-1,-1],"split_conditions":[2.2815051E-4,-1.0371141E-2,7.1001104E-3,1.310842E-2,-1.3225468E-2,-8.517146E-3,1.2924565E-2,-1.639105E-2,9.383649E-3,1.4647407E-2,-1.1003413E-2,-0E0,1.5321759E-2],"split_indices":[46,2147483647,2147483647,2147483647,2147483647,2147483647,2147483647,2147483647,2147483647,2147483647,2147483647,2147483647,2147483647],"split_type":[0,0,0,0,0,0,0,0,0,0,0,0,0],"sum_hessian":[9.4E1,3.6E1,5.8E1,3E0,3.3E1,1.5E1,4.3E1,1.1E1,4E0,4.1E1,2E0,1E0,4E1],"tree_param":{"num_deleted":"12","num_feature":"350","num_nodes":"13","size_leaf_vector":"0"}},{"base_weights":[7.0197247E-3,-2.5892714E-1,1.6192174E-1,-3.2250032E-1,2.1601436E-1,-2.3225363E-1,2.888206E-1,-3.4280097E-1,6.431189E-2,3.2878366E-1,-1.3255206E-1,5.0749254E-1,2.7387747E-1],"categories":[],"categories_nodes":[],"categories_segments":[],"categories_sizes":[],"default_left":[1,1,1,1,1,1,1,1,1,1,1,1,1],"id":25,"left_children":[-1,-1,-1,-1,-1,-1,-1,-1,-1,-1,-1,-1,-1],"loss_changes":[4.7503304E0,1.369739E0,3.7855597E0,4.039898E-1,0E0,0E0,1.062293E0,0E0,0E0,1.466465E-1,0E0,0E0,0E0],"parents":[2147483647,0,0,1,1,2,2,3,3,6,6,9,9],"right_children":[-1,-1,-1,-1,-1,-1,-1,-1,-1,-1,-1,-1,-1],"split_conditions":[3.1588762E-4,-1.1651722E-2,7.2864788E-3,-1.4512515E-2,9.720647E-3,-1.0451414E-2,1.2996927E-2,-1.5426044E-2,2.8940353E-3,1.4795265E-2,-5.9648426E-3,2.2837166E-2,1.2324487E-2],"split_indices":[269,2147483647,2147483647,2147483647,2147483647,2147483647,2147483647,2147483647,2147483647,2147483647,2147483647,2147483647,2147483647],"split_type":[0,0,0,0,0,0,0,0,0,0,0,0,0],"sum_hessian":[1.14E2,4.1E1,7.3E1,3.7E1,4E0,1.7E1,5.6E1,3.6E1,1E0,5.2E1,4E0,9E0,4.3E1],"tree_param":{"num_deleted":"12","num_feature":"350","num_nodes":"13","size_leaf_vector":"0"}},{"base_weights":[2.0460196E-2,-3.3195665E-1,1.2259459E-1,9.2981756E-2,-3.85994E-1,-1.9677703E-1,2.696883E-1,-2.647952E-1,3.5830638E-1,3.132974E-1,-2.3011473E-1,3.3714944E-1,-1.3637336E-1,-7.991001E-3,3.4902456E-1],"categories":[],"categories_nodes":[],"categories_segments":[],"categories_sizes":[],"default_left":[1,1,1,1,1,1,1,1,1,1,1,1,1,1,1],"id":26,"left_children":[-1,-1,-1,-1,-1,-1,-1,-1,-1,-1,-1,-1,-1,-1,-1],"loss_changes":[4.0451956E0,6.978574E-1,4.2559447E0,0E0,0E0,1.1239861E0,1.4483981E0,0E0,0E0,7.282944E-1,0E0,3.3462E-1,0E0,0E0,0E0],"parents":[2147483647,0,0,1,1,2,2,5,5,6,6,9,9,11,11],"right_children":[-1,-1,-1,-1,-1,-1,-1,-1,-1,-1,-1,-1,-1,-1,-1],"split_conditions":[9.207089E-4,-1.493805E-2,5.516757E-3,4.184179E-3,-1.736973E-2,-8.854967E-3,1.2135974E-2,-1.1915785E-2,1.6123788E-2,1.40983835E-2,-1.0355163E-2,1.5171725E-2,-6.136801E-3,-3.5959505E-4,1.5706105E-2],"split_indices":[256,2147483647,2147483647,2147483647,2147483647,2147483647,2147483647,2147483647,2147483647,2147483647,2147483647,2147483647,2147483647,2147483647,2147483647],"split_type":[0,0,0,0,0,0,0,0,0,0,0,0,0,0,0],"sum_hessian":[1.12E2,2.4E1,8.8E1,2E0,2.2E1,2.7E1,6.1E1,2.5E1,2E0,5.7E1,4E0,5.5E1,2E0,1E0,5.4E1],"tree_param":{"num_deleted":"14","num_feature":"350","num_nodes":"15","size_leaf_vector":"0"}},{"base_weights":[1.9392166E-2,1.587535E-1,-3.1588712E-1,-1.8864697E-1,3.0141065E-1,-3.890681E-1,9.7103715E-2,-2.879023E-1,1.6625263E-1,-1.6315167E-1,3.4521064E-1,-0E0,-4.1367245E-1,-0E0,1.8186131E-1,4.333881E-1,2.6954588E-1],"categories":[],"categories_nodes":[],"categories_segments":[],"categories_sizes":[],"default_left":[1,1,1,1,1,1,1,1,1,1,1,1,1,1,1,1,1],"id":27,"left_children":[1,-1,-1,-1,-1,-1,-1,-1,-1,-1,-1,-1,-1,-1,-1,-1,-1],"loss_changes":[5.1427546E0,4.0058627E0,1.0925074E0,8.9454985E-1,1.2707663E0,3.8190126E-1,8.514849E-2,0E0,0E0,0E0,2.5913715E-2,0E0,0E0,0E0,0E0,0E0,0E0],"parents":[2147483647,0,0,1,1,2,2,3,3,4,4,5,5,6,6,10,10],"right_children":[2,-1,-1,-1,-1,-1,-1,-1,-1,-1,-1,-1,-1,-1,-1,-1,-1],"split_conditions":[2.23E2,7.1439077E-3,-1.4214921E-2,-8.489114E-3,1.3563479E-2,-1.7508065E-2,4.3696673E-3,-1.2955604E-2,7.4813687E-3,-7.3418254E-3,1.5534479E-2,-0E0,-1.861526E-2,-0E0,8.18376E-3,1.9502467E-2,1.2129565E-2],"split_indices":[4,38,124,2147483647,2147483647,2147483647,2147483647,2147483647,2147483647,2147483647,2147483647,2147483647,2147483647,2147483647,2147483647,2147483647,2147483647],"split_type":[0,0,0,0,0,0,0,0,0,0,0,0,0,0,0,0,0],"sum_hessian":[1.09E2,7.8E1,3.1E1,2.2E1,5.6E1,2.7E1,4E0,1.8E1,4E0,4E0,5.2E1,1E0,2.6E1,1E0,3E0,2E1,3.2E1],"tree_param":{"num_deleted":"14","num_feature":"350","num_nodes":"17","size_leaf_vector":"0"}},{"base_weights":[2.5447443E-2,-1.4490183E-1,2.6066118E-1,3.394581E-1,-2.2885971E-1,2.7834982E-1,-7.3442146E-2,4.2048237E-1,-0E0,-2.6477203E-1,2.9808247E-1,-2.9484627E-1,1.6457425E-1,-3.0738294E-1,-0E0],"categories":[],"categories_nodes":[],"categories_segments":[],"categories_sizes":[],"default_left":[1,1,1,1,1,1,1,1,1,1,1,1,1,1,1],"id":28,"left_children":[-1,-1,-1,-1,-1,-1,-1,-1,-1,-1,-1,-1,-1,-1,-1],"loss_changes":[3.8790047E0,2.2811294E0,3.242178E-1,3.1578344E-1,9.772694E-1,0E0,0E0,0E0,0E0,6.8157005E-1,0E0,2.3771334E-1,0E0,0E0,0E0],"parents":[2147483647,0,0,1,1,2,2,3,3,4,4,9,9,11,11],"right_children":[-1,-1,-1,-1,-1,-1,-1,-1,-1,-1,-1,-1,-1,-1,-1],"split_conditions":[1.145135E-3,-6.5205824E-3,1.1729754E-2,1.5275615E-2,-1.0298687E-2,1.2525742E-2,-3.3048966E-3,1.8921707E-2,-0E0,-1.1914742E-2,1.3413711E-2,-1.3268082E-2,7.4058417E-3,-1.3832233E-2,-0E0],"split_indices":[24,2147483647,2147483647,2147483647,2147483647,2147483647,2147483647,2147483647,2147483647,2147483647,2147483647,2147483647,2147483647,2147483647,2147483647],"split_type":[0,0,0,0,0,0,0,0,0,0,0,0,0,0,0],"sum_hessian":[9.4E1,5.4E1,4E1,7E0,4.7E1,3.9E1,1E0,6E0,1E0,4.5E1,2E0,4.3E1,2E0,4.2E1,1E0],"tree_param":{"num_deleted":"14","num_feature":"350","num_nodes":"15","size_leaf_vector":"0"}},{"base_weights":[-2.412511E-3,-2.8905356E-1,1.2239325E-1,-3.4760097E-1,7.175104E-2,2.6507005E-1,-2.6320902E-1,-0E0,1.5759122E-1,-0E0,3.4151414E-1,2.713605E-1,-1.8024847E-1,4.6209565E-1,2.7457252E-1,-0E0,-2.3378968E-1],"categories":[],"categories_nodes":[],"categories_segments":[],"categories_sizes":[],"default_left":[1,1,1,1,1,1,1,1,1,1,1,1,1,1,1,1,1],"id":29,"left_children":[-1,-1,-1,-1,-1,-1,-1,-1,-1,-1,-1,-1,-1,-1,-1,-1,-1],"loss_changes":[4.0921154E0,8.4704185E-1,4.361614E0,0E0,7.3598914E-2,1.1732321E0,0E0,0E0,0E0,7.342247E-1,1.53570175E-2,0E0,1.4485535E-1,0E0,0E0,0E0,0E0],"parents":[2147483647,0,0,1,1,2,2,4,4,5,5,9,9,10,10,12,12],"right_children":[-1,-1,-1,-1,-1,-1,-1,-1,-1,-1,-1,-1,-1,-1,-1,-1,-1],"split_conditions":[-1.08563E-4,-1.3007411E-2,5.5076964E-3,-1.5642043E-2,3.228797E-3,1.1928153E-2,-1.1844406E-2,-0E0,7.0916056E-3,-0E0,1.5368137E-2,1.2211222E-2,-8.111182E-3,2.0794304E-2,1.2355764E-2,-0E0,-1.0520536E-2],"split_indices":[269,2147483647,2147483647,2147483647,2147483647,2147483647,2147483647,2147483647,2147483647,2147483647,2147483647,2147483647,2147483647,2147483647,2147483647,2147483647,2147483647],"split_type":[0,0,0,0,0,0,0,0,0,0,0,0,0,0,0,0,0],"sum_hessian":[1.11E2,3.4E1,7.7E1,3E1,4E0,5.7E1,2E1,1E0,3E0,1.3E1,4.4E1,5E0,8E0,1.2E1,3.2E1,1E0,7E0],"tree_param":{"num_deleted":"16","num_feature":"350","num_nodes":"17","size_leaf_vector":"0"}},{"base_weights":[1.8831609E-2,-1.6093177E-1,1.8794587E-1,3.9566672E-1,-2.2056565E-1,2.7830473E-1,-3.0159736E-1,-2.8034228E-1,1.3528582E-1,-1.12208635E-1,3.031638E-1,-3.0367035E-1,1.9971833E-1,-7.006819E-2,2.9144108E-1],"categories":[],"categories_nodes":[],"categories_segments":[],"categories_sizes":[],"default_left":[1,1,1,1,1,1,1,1,1,1,1,1,1,1,1],"id":30,"left_children":[-1,-1,-1,-1,-1,-1,-1,-1,-1,-1,-1,-1,-1,-1,-1],"loss_changes":[3.382411E0,1.7939234E0,2.642553E0,0E0,1.1237516E0,5.766938E-1,0E0,5.7338643E-1,3.1130236E-1,0E0,0E0,0E0,0E0,0E0,0E0],"parents":[2147483647,0,0,1,1,2,2,4,4,5,5,7,7,8,8],"right_children":[-1,-1,-1,-1,-1,-1,-1,-1,-1,-1,-1,-1,-1,-1,-1],"split_conditions":[8.474224E-4,-7.24193E-3,8.457565E-3,1.7805003E-2,-9.925455E-3,1.25237135E-2,-1.3571882E-2,-1.2615403E-2,6.0878624E-3,-5.049389E-3,1.3642372E-2,-1.3665166E-2,8.987325E-3,-3.1530685E-3,1.3114849E-2],"split_indices":[34,2147483647,2147483647,2147483647,2147483647,2147483647,2147483647,2147483647,2147483647,2147483647,2147483647,2147483647,2147483647,2147483647,2147483647],"split_type":[0,0,0,0,0,0,0,0,0,0,0,0,0,0,0],"sum_hessian":[1.09E2,5.2E1,5.7E1,4E0,4.8E1,4.9E1,8E0,4.2E1,6E0,2E0,4.7E1,4.1E1,1E0,2E0,4E0],"tree_param":{"num_deleted":"14","num_feature":"350","num_nodes":"15","size_leaf_vector":"0"}},{"base_weights":[-2.6206885E-2,-2.2260839E-1,1.3994864E-1,-2.7214435E-1,2.4736556E-1,-2.2792076E-1,2.6075912E-1,2.4458247E-1,-3.0571955E-1,2.4869394E-1,-3.9279893E-1,-1.708576E-1,3.2335293E-1],"categories":[],"categories_nodes":[],"categories_segments":[],"categories_sizes":[],"default_left":[1,1,1,1,1,1,1,1,1,1,1,1,1],"id":31,"left_children":[-1,-1,-1,-1,-1,-1,-1,-1,-1,-1,-1,-1,-1],"loss_changes":[3.7435026E0,1.3086247E0,2.7802749E0,9.432268E-1,0E0,1.3196687E0,1.3707736E0,0E0,0E0,0E0,0E0,0E0,0E0],"parents":[2147483647,0,0,1,1,2,2,3,3,5,5,6,6],"right_children":[-1,-1,-1,-1,-1,-1,-1,-1,-1,-1,-1,-1,-1],"split_conditions":[-1.1793098E-3,-1.0017378E-2,6.297689E-3,-1.2246496E-2,1.11314505E-2,-1.0256435E-2,1.1734161E-2,1.1006212E-2,-1.3757381E-2,1.11912275E-2,-1.7675953E-2,-7.688592E-3,1.4550882E-2],"split_indices":[44,2147483647,2147483647,2147483647,2147483647,2147483647,2147483647,2147483647,2147483647,2147483647,2147483647,2147483647,2147483647],"split_type":[0,0,0,0,0,0,0,0,0,0,0,0,0],"sum_hessian":[1.12E2,5.2E1,6E1,4.8E1,4E0,1.4E1,4.6E1,2E0,4.6E1,3E0,1.1E1,5E0,4.1E1],"tree_param":{"num_deleted":"12","num_feature":"350","num_nodes":"13","size_leaf_vector":"0"}},{"base_weights":[-1.8182166E-2,-2.6956117E-1,1.305985E-1,1.7171884E-1,-3.3347085E-1,2.3741049E-1,-2.1414798E-1,-0E0,2.7709237E-1,2.869475E-1,-2.0581198E-1,-3.8965E-1,1.5478599E-1,3.0843621E-1,-1.9002262E-1],"categories":[],"categories_nodes":[],"categories_segments":[],"categories_sizes":[],"default_left":[1,1,1,1,1,1,1,1,1,1,1,1,1,1,1],"id":32,"left_children":[-1,-1,-1,-1,-1,-1,-1,-1,-1,-1,-1,-1,-1,-1,-1],"loss_changes":[3.8917274E0,1.2056694E0,2.4144952E0,1.5968391E-1,0E0,1.1811934E0,1.1020014E0,0E0,0E0,5.656097E-1,0E0,0E0,0E0,0E0,0E0],"parents":[2147483647,0,0,1,1,2,2,3,3,5,5,6,6,9,9],"right_children":[-1,-1,-1,-1,-1,-1,-1,-1,-1,-1,-1,-1,-1,-1,-1],"split_conditions":[-8.181975E-4,-1.2130253E-2,5.8769328E-3,7.727348E-3,-1.5006189E-2,1.0683472E-2,-9.63666E-3,-0E0,1.2469157E-2,1.2912638E-2,-9.261539E-3,-1.753425E-2,6.96537E-3,1.387963E-2,-8.551018E-3],"split_indices":[25,2147483647,2147483647,2147483647,2147483647,2147483647,2147483647,2147483647,2147483647,2147483647,2147483647,2147483647,2147483647,2147483647,2147483647],"split_type":[0,0,0,0,0,0,0,0,0,0,0,0,0,0,0],"sum_hessian":[1.01E2,3.8E1,6.3E1,4E0,3.4E1,4.9E1,1.4E1,1E0,3E0,4.5E1,4E0,1E1,4E0,4.4E1,1E0],"tree_param":{"num_deleted":"14","num_feature":"350","num_nodes":"15","size_leaf_vector":"0"}},{"base_weights":[4.3029744E-2,-3.022917E-1,1.477503E-1,-3.6775252E-1,1.348777E-1,2.8450665E-1,-2.2755498E-1,-1.83162E-1,3.2009473E-1,-2.572766E-1,1.8577844E-2,-0E0,3.3144945E-1,4.818831E-1,2.6677227E-1],"categories":[],"categories_nodes":[],"categories_segments":[],"categories_sizes":[],"default_left":[1,1,1,1,1,1,1,1,1,1,1,1,1,1,1],"id":33,"left_children":[-1,-1,-1,-1,-1,-1,-1,-1,-1,-1,-1,-1,-1,-1,-1],"loss_changes":[3.4698782E0,7.49048E-1,3.9312296E0,0E0,0E0,1.0317411E0,2.2269857E-1,0E0,2.8224087E-1,0E0,0E0,0E0,1.5279055E-1,0E0,0E0],"parents":[2147483647,0,0,1,1,2,2,5,5,6,6,8,8,12,12],"right_children":[-1,-1,-1,-1,-1,-1,-1,-1,-1,-1,-1,-1,-1,-1,-1],"split_conditions":[1.9363386E-3,-1.3603127E-2,6.648764E-3,-1.6548865E-2,6.0694967E-3,1.28028E-2,-1.0239975E-2,-8.2422905E-3,1.4404263E-2,-1.1577447E-2,8.36003E-4,-0E0,1.4915226E-2,2.1684742E-2,1.2004753E-2],"split_indices":[293,2147483647,2147483647,2147483647,2147483647,2147483647,2147483647,2147483647,2147483647,2147483647,2147483647,2147483647,2147483647,2147483647,2147483647],"split_type":[0,0,0,0,0,0,0,0,0,0,0,0,0,0,0],"sum_hessian":[9.5E1,2.1E1,7.4E1,1.9E1,2E0,5.5E1,1.9E1,3E0,5.2E1,1.8E1,1E0,1E0,5.1E1,1.2E1,3.9E1],"tree_param":{"num_deleted":"14","num_feature":"350","num_nodes":"15","size_leaf_vector":"0"}},{"base_weights":[2.3322671E-3,-2.86157E-1,1.3732958E-1,-3.40539E-1,1.4543808E-1,-2.1141744E-1,2.686692E-1,1.993252E-1,-2.5692084E-1,-2.407159E-1,3.2804692E-1,-3.3331302E-1,-0E0,4.3472505E-1,2.5523967E-1],"categories":[],"categories_nodes":[],"categories_segments":[],"categories_sizes":[],"default_left":[1,1,1,1,1,1,1,1,1,1,1,1,1,1,1],"id":34,"left_children":[-1,-1,-1,-1,-1,-1,-1,-1,-1,-1,-1,-1,-1,-1,-1],"loss_changes":[4.3175755E0,9.295428E-1,3.6009078E0,0E0,0E0,4.609834E-1,1.8291945E0,0E0,0E0,2.0782295E-1,8.593273E-2,0E0,0E0,0E0,0E0],"parents":[2147483647,0,0,1,1,2,2,5,5,6,6,9,9,10,10],"right_children":[-1,-1,-1,-1,-1,-1,-1,-1,-1,-1,-1,-1,-1,-1,-1],"split_conditions":[1.0495202E-4,-1.2877066E-2,6.1798315E-3,-1.5324256E-2,6.544714E-3,-9.513785E-3,1.2090114E-2,8.969635E-3,-1.1561438E-2,-1.0832217E-2,1.4762112E-2,-1.4999086E-2,-0E0,1.9562628E-2,1.1485785E-2],"split_indices":[309,2147483647,2147483647,2147483647,2147483647,2147483647,2147483647,2147483647,2147483647,2147483647,2147483647,2147483647,2147483647,2147483647,2147483647],"split_type":[0,0,0,0,0,0,0,0,0,0,0,0,0,0,0],"sum_hessian":[1.1E2,3.4E1,7.6E1,3.1E1,3E0,2E1,5.6E1,1E0,1.9E1,5E0,5.1E1,4E0,1E0,1.7E1,3.4E1],"tree_param":{"num_deleted":"14","num_feature":"350","num_nodes":"15","size_leaf_vector":"0"}},{"base_weights":[1.8305054E-2,-1.3218014E-1,2.531851E-1,-3.4853947E-1,7.397751E-3,-2.2351094E-1,3.0745173E-1,-3.7521154E-1,-0E0,2.862822E-1,-1.6945063E-1,4.5648462E-1,2.378536E-1,-9.851277E-3,3.2956684E-1,-2.4153455E-1,1.4031062E-1],"categories":[],"categories_nodes":[],"categories_segments":[],"categories_sizes":[],"default_left":[1,1,1,1,1,1,1,1,1,1,1,1,1,1,1,1,1],"id":35,"left_children":[-1,-1,-1,-1,-1,-1,-1,-1,-1,-1,-1,-1,-1,-1,-1,-1,-1],"loss_changes":[3.4983268E0,1.8866609E0,1.1027803E0,3.2251024E-1,1.8590897E0,0E0,5.652857E-2,0E0,0E0,2.9143167E-1,5.554907E-1,0E0,0E0,0E0,0E0,0E0,0E0],"parents":[2147483647,0,0,1,1,2,2,3,3,4,4,6,6,9,9,10,10],"right_children":[-1,-1,-1,-1,-1,-1,-1,-1,-1,-1,-1,-1,-1,-1,-1,-1,-1],"split_conditions":[8.2372746E-4,-5.9481063E-3,1.139333E-2,-1.5684277E-2,3.328988E-4,-1.0057992E-2,1.3835329E-2,-1.688452E-2,-0E0,1.28827E-2,-7.6252786E-3,2.0541808E-2,1.0703413E-2,-4.4330748E-4,1.4830508E-2,-1.0869055E-2,6.3139778E-3],"split_indices":[42,2147483647,2147483647,2147483647,2147483647,2147483647,2147483647,2147483647,2147483647,2147483647,2147483647,2147483647,2147483647,2147483647,2147483647,2147483647,2147483647],"split_type":[0,0,0,0,0,0,0,0,0,0,0,0,0,0,0,0,0],"sum_hessian":[9.6E1,5.8E1,3.8E1,2.3E1,3.5E1,3E0,3.5E1,2.2E1,1E0,1.4E1,2.1E1,8E0,2.7E1,1E0,1.3E1,1.8E1,3E0],"tree_param":{"num_deleted":"16","num_feature":"350","num_nodes":"17","size_leaf_vector":"0"}},{"base_weights":[1.982397E-2,-2.002312E-1,2.2130494E-1,-2.607639E-1,2.3713602E-1,-3.5954326E-1,3.041976E-1,1.9943716E-1,-2.9378343E-1,-2.1433677E-1,3.3651856E-1,-3.1783867E-1,-0E0,4.8073742E-1,2.7254164E-1,1.2944166E-1,-1.5373313E-1],"categories":[],"categories_nodes":[],"categories_segments":[],"categories_sizes":[],"default_left":[1,1,1,1,1,1,1,1,1,1,1,1,1,1,1,1,1],"id":36,"left_children":[-1,-1,-1,-1,-1,-1,-1,-1,-1,-1,-1,-1,-1,-1,-1,-1,-1],"loss_changes":[4.7060113E0,1.3926764E0,2.7890592E0,7.7069783E-1,0E0,0E0,9.467592E-1,0E0,3.295822E-1,0E0,8.587551E-2,0E0,9.753318E-2,0E0,0E0,0E0,0E0],"parents":[2147483647,0,0,1,1,2,2,3,3,6,6,8,8,10,10,12,12],"right_children":[-1,-1,-1,-1,-1,-1,-1,-1,-1,-1,-1,-1,-1,-1,-1,-1,-1],"split_conditions":[8.920787E-4,-9.010404E-3,9.958723E-3,-1.1734377E-2,1.0671121E-2,-1.6179448E-2,1.3688893E-2,8.974672E-3,-1.3220254E-2,-9.645155E-3,1.5143336E-2,-1.4302741E-2,-0E0,2.1633185E-2,1.2264375E-2,5.824875E-3,-6.917991E-3],"split_indices":[44,2147483647,2147483647,2147483647,2147483647,2147483647,2147483647,2147483647,2147483647,2147483647,2147483647,2147483647,2147483647,2147483647,2147483647,2147483647,2147483647],"split_type":[0,0,0,0,0,0,0,0,0,0,0,0,0,0,0,0,0],"sum_hessian":[1.04E2,4.9E1,5.5E1,4.4E1,5E0,6E0,4.9E1,2E0,4.2E1,2E0,4.7E1,3.9E1,3E0,1.1E1,3.6E1,2E0,1E0],"tree_param":{"num_deleted":"16","num_feature":"350","num_nodes":"17","size_leaf_vector":"0"}},{"base_weights":[1.1327264E-2,-3.0377617E-1,1.3862953E-1,-3.5567126E-1,1.991352E-1,-2.6015183E-1,2.7424616E-1,3.211142E-1,-8.362832E-2,-8.520901E-2,3.3604878E-1,-2.633773E-1,1.4382942E-1,4.6833333E-1,2.7384797E-1],"categories":[],"categories_nodes":[],"categories_segments":[],"categories_sizes":[],"default_left":[1,1,1,1,1,1,1,1,1,1,1,1,1,1,1],"id":37,"left_children":[-1,-1,-1,-1,-1,-1,-1,-1,-1,-1,-1,-1,-1,-1,-1],"loss_changes":[4.3649263E0,9.268451E-1,4.3480034E0,0E0,0E0,0E0,1.1044731E0,4.315729E-1,3.5994288E-1,0E0,8.518839E-2,0E0,0E0,0E0,0E0],"parents":[2147483647,0,0,1,1,2,2,6,6,7,7,8,8,10,10],"right_children":[-1,-1,-1,-1,-1,-1,-1,-1,-1,-1,-1,-1,-1,-1,-1],"split_conditions":[5.097269E-4,-1.3669929E-2,6.2383288E-3,-1.6005207E-2,8.961084E-3,-1.1706833E-2,1.2341077E-2,1.445014E-2,-3.7632745E-3,-3.8344057E-3,1.5122196E-2,-1.1851979E-2,6.472324E-3,2.1075001E-2,1.2323159E-2],"split_indices":[309,2147483647,2147483647,2147483647,2147483647,2147483647,2147483647,2147483647,2147483647,2147483647,2147483647,2147483647,2147483647,2147483647,2147483647],"split_type":[0,0,0,0,0,0,0,0,0,0,0,0,0,0,0],"sum_hessian":[1.08E2,3E1,7.8E1,2.8E1,2E0,1.9E1,5.9E1,5.3E1,6E0,1E0,5.2E1,4E0,2E0,1.3E1,3.9E1],"tree_param":{"num_deleted":"14","num_feature":"350","num_nodes":"15","size_leaf_vector":"0"}},{"base_weights":[4.1688055E-2,-1.2910432E-1,2.6056E-1,-2.7189928E-1,9.938757E-2,-2.9341388E-1,3.1067857E-1,-3.2357225E-1,7.385674E-2,3.6462986E-1,-2.518904E-1,1.6440798E-1,-0E0,-0E0,-3.0969906E-1],"categories":[],"categories_nodes":[],"categories_segments":[],"categories_sizes":[],"default_left":[1,1,1,1,1,1,1,1,1,1,1,1,1,1,1],"id":38,"left_children":[-1,-1,-1,-1,-1,-1,-1,-1,-1,-1,-1,-1,-1,-1,-1],"loss_changes":[4.0729136E0,2.0364265E0,1.4290266E0,7.7773E-1,2.2686653E0,0E0,0E0,0E0,8.084585E-2,0E0,2.2873384E-1,0E0,0E0,0E0,0E0],"parents":[2147483647,0,0,1,1,2,2,3,3,4,4,8,8,10,10],"right_children":[-1,-1,-1,-1,-1,-1,-1,-1,-1,-1,-1,-1,-1,-1,-1],"split_conditions":[1.8759626E-3,-5.8096945E-3,1.17252E-2,-1.2235468E-2,4.472441E-3,-1.3203625E-2,1.3980537E-2,-1.4560752E-2,3.3235536E-3,1.6408345E-2,-1.1335068E-2,7.3983595E-3,-0E0,-0E0,-1.3936458E-2],"split_indices":[36,2147483647,2147483647,2147483647,2147483647,2147483647,2147483647,2147483647,2147483647,2147483647,2147483647,2147483647,2147483647,2147483647,2147483647],"split_type":[0,0,0,0,0,0,0,0,0,0,0,0,0,0,0],"sum_hessian":[1.06E2,5.9E1,4.7E1,3.7E1,2.2E1,3E0,4.4E1,3.3E1,4E0,1.3E1,9E0,3E0,1E0,1E0,8E0],"tree_param":{"num_deleted":"14","num_feature":"350","num_nodes":"15","size_leaf_vector":"0"}},{"base_weights":[-9.044119E-3,-1.7212097E-1,2.1783964E-1,-2.3169704E-1,2.2892661E-1,2.5709948E-1,-3.0441117E-1,-2.8036445E-1,1.7059225E-1,-9.29797E-2,4.0172535E-1,-7.5199515E-2,2.7435553E-1,-3.0703768E-1,1.4875291E-1,2.656725E-1,-2.404496E-3,-3.3013746E-1,-0E0],"categories":[],"categories_nodes":[],"categories_segments":[],"categories_sizes":[],"default_left":[1,1,1,1,1,1,1,1,1,1,1,1,1,1,1,1,1,1,1],"id":39,"left_children":[-1,-1,-1,-1,-1,-1,-1,-1,-1,-1,-1,-1,-1,-1,-1,-1,-1,-1,-1],"loss_changes":[3.9457254E0,1.5591213E0,9.6622324E-1,1.177149E0,5.7497597E-1,3.2121348E-1,0E0,6.7690134E-1,1.7831065E-1,0E0,0E0,0E0,0E0,3.9423943E-1,0E0,0E0,0E0,0E0,0E0],"parents":[2147483647,0,0,1,1,2,2,3,3,4,4,5,5,7,7,8,8,13,13],"right_children":[-1,-1,-1,-1,-1,-1,-1,-1,-1,-1,-1,-1,-1,-1,-1,-1,-1,-1,-1],"split_conditions":[-4.0698537E-4,-7.7454443E-3,9.802785E-3,-1.0426367E-2,1.0301698E-2,1.1569477E-2,-1.3698503E-2,-1.2616401E-2,7.6766517E-3,-4.184087E-3,1.8077642E-2,-3.3839783E-3,1.23459995E-2,-1.3816697E-2,6.6938815E-3,1.1955263E-2,-1.0820233E-4,-1.4856187E-2,-0E0],"split_indices":[24,2147483647,2147483647,2147483647,2147483647,2147483647,2147483647,2147483647,2147483647,2147483647,2147483647,2147483647,2147483647,2147483647,2147483647,2147483647,2147483647,2147483647,2147483647],"split_type":[0,0,0,0,0,0,0,0,0,0,0,0,0,0,0,0,0,0,0],"sum_hessian":[1.05E2,6.2E1,4.3E1,5.5E1,7E0,4.1E1,2E0,5E1,5E0,2E0,5E0,1E0,4E1,4.8E1,2E0,4E0,1E0,4.5E1,3E0],"tree_param":{"num_deleted":"18","num_feature":"350","num_nodes":"19","size_leaf_vector":"0"}},{"base_weights":[-2.3117047E-2,-2.58537E-1,1.6111536E-1,2.869019E-1,-3.1147078E-1,-4.2489818E-1,2.7388632E-1,-3.448708E-1,1.3768654E-1,-1.0696477E-1,3.0832008E-1,-0E0,-2.3226179E-1],"categories":[],"categories_nodes":[],"categories_segments":[],"categories_sizes":[],"default_left":[1,1,1,1,1,1,1,1,1,1,1,1,1],"id":40,"left_children":[-1,-1,-1,-1,-1,-1,-1,-1,-1,-1,-1,-1,-1],"loss_changes":[4.4080796E0,1.3959787E0,3.7718477E0,0E0,7.397175E-1,0E0,7.228644E-1,0E0,0E0,1.1607078E-1,0E0,0E0,0E0],"parents":[2147483647,0,0,1,1,2,2,4,4,6,6,9,9],"right_children":[-1,-1,-1,-1,-1,-1,-1,-1,-1,-1,-1,-1,-1],"split_conditions":[-1.0402672E-3,-1.1634165E-2,7.2501916E-3,1.2910586E-2,-1.4016186E-2,-1.912042E-2,1.2324885E-2,-1.5519187E-2,6.1958944E-3,-4.8134145E-3,1.3874404E-2,-0E0,-1.0451781E-2],"split_indices":[44,2147483647,2147483647,2147483647,2147483647,2147483647,2147483647,2147483647,2147483647,2147483647,2147483647,2147483647,2147483647],"split_type":[0,0,0,0,0,0,0,0,0,0,0,0,0],"sum_hessian":[9.9E1,4.4E1,5.5E1,3E0,4.1E1,8E0,4.7E1,3.9E1,2E0,3E0,4.4E1,1E0,2E0],"tree_param":{"num_deleted":"12","num_feature":"350","num_nodes":"13","size_leaf_vector":"0"}},{"base_weights":[2.2102764E-2,-2.8254494E-1,1.5391682E-1,-2.676696E-1,2.8794512E-1,3.3416808E-1,-4.1118023E-1,-1.6761127E-1,3.180153E-1,4.2057943E-1,2.5832382E-1],"categories":[],"categories_nodes":[],"categories_segments":[],"categories_sizes":[],"default_left":[1,1,1,1,1,1,1,1,1,1,1],"id":41,"left_children":[-1,-1,-1,-1,-1,-1,-1,-1,-1,-1,-1],"loss_changes":[4.703251E0,0E0,4.773031E0,1.8879092E0,9.7513866E-1,0E0,0E0,0E0,6.1137676E-2,0E0,0E0],"parents":[2147483647,0,0,2,2,3,3,4,4,8,8],"right_children":[-1,-1,-1,-1,-1,-1,-1,-1,-1,-1,-1],"split_conditions":[9.946245E-4,-1.2714523E-2,6.926257E-3,-1.2045132E-2,1.2957531E-2,1.5037564E-2,-1.850311E-2,-7.5425077E-3,1.431069E-2,1.8926075E-2,1.1624572E-2],"split_indices":[24,2147483647,2147483647,2147483647,2147483647,2147483647,2147483647,2147483647,2147483647,2147483647,2147483647],"split_type":[0,0,0,0,0,0,0,0,0,0,0],"sum_hessian":[1.16E2,3.4E1,8.2E1,1.9E1,6.3E1,3E0,1.6E1,3E0,6E1,1.8E1,4.2E1],"tree_param":{"num_deleted":"10","num_feature":"350","num_nodes":"11","size_leaf_vector":"0"}},{"base_weights":[1.7343815E-2,-1.683512E-1,2.3600802E-1,-3.0007794E-1,2.9242467E-2,-2.8616276E-1,3.245601E-1,-3.0660573E-1,1.930984E-1,4.6478212E-1,2.3533016E-1,2.9642433E-1,-1.1598544E-1],"categories":[],"categories_nodes":[],"categories_segments":[],"categories_sizes":[],"default_left":[1,1,1,1,1,1,1,1,1,1,1,1,1],"id":42,"left_children":[-1,-1,-1,-1,-1,-1,-1,-1,-1,-1,-1,-1,-1],"loss_changes":[4.201724E0,1.521586E0,2.3238835E0,0E0,1.2358289E0,0E0,2.0609283E-1,0E0,5.994945E-1,0E0,0E0,0E0,0E0],"parents":[2147483647,0,0,1,1,2,2,4,4,6,6,8,8],"right_children":[-1,-1,-1,-1,-1,-1,-1,-1,-1,-1,-1,-1,-1],"split_conditions":[7.804717E-4,-7.5758044E-3,1.0620361E-2,-1.3503508E-2,1.3159111E-3,-1.2877325E-2,1.46052055E-2,-1.3797258E-2,8.689428E-3,2.0915195E-2,1.0589858E-2,1.3339096E-2,-5.219345E-3],"split_indices":[34,2147483647,2147483647,2147483647,2147483647,2147483647,2147483647,2147483647,2147483647,2147483647,2147483647,2147483647,2147483647],"split_type":[0,0,0,0,0,0,0,0,0,0,0,0,0],"sum_hessian":[1.01E2,5.4E1,4.7E1,3.3E1,2.1E1,6E0,4.1E1,6E0,1.5E1,1.3E1,2.8E1,1.2E1,3E0],"tree_param":{"num_deleted":"12","num_feature":"350","num_nodes":"13","size_leaf_vector":"0"}}]},"name":"gbtree"},"learner_model_param":{"base_score":"5E-1","boost_from_average":"1","num_class":"0","num_feature":"350","num_target":"1"},"objective":{"name":"reg:squarederror","reg_loss_param":{"scale_pos_weight":"1"}}},"version":[1,7,1]}